,AVG_TAVG,AVG_TAVG,AVG_TAVG,AVG_TAVG,AVG_TAVG,Corn Price Futures,Corn Price Futures,Corn Price Futures,Corn Price Futures,Corn Price Futures,MAX_TMAX,MAX_TMAX,MAX_TMAX,MAX_TMAX,MAX_TMAX,MIN_TMIN,MIN_TMIN,MIN_TMIN,MIN_TMIN,MIN_TMIN,OBS_VALUE_QUANTITY_TON,OBS_VALUE_QUANTITY_TON,OBS_VALUE_QUANTITY_TON,OBS_VALUE_QUANTITY_TON,OBS_VALUE_QUANTITY_TON,OBS_VALUE_VALUE_1000EURO,OBS_VALUE_VALUE_1000EURO,OBS_VALUE_VALUE_1000EURO,OBS_VALUE_VALUE_1000EURO,OBS_VALUE_VALUE_1000EURO,OIL_PRICE $/bbl,OIL_PRICE $/bbl,OIL_PRICE $/bbl,OIL_PRICE $/bbl,OIL_PRICE $/bbl,price,price,price,price,price
PARTNER_Labels,Brazil,France,Germany,Hungary,Ukraine,Brazil,France,Germany,Hungary,Ukraine,Brazil,France,Germany,Hungary,Ukraine,Brazil,France,Germany,Hungary,Ukraine,Brazil,France,Germany,Hungary,Ukraine,Brazil,France,Germany,Hungary,Ukraine,Brazil,France,Germany,Hungary,Ukraine,Brazil,France,Germany,Hungary,Ukraine
TIME_PERIOD,,,,,,,,,,,,,,,,,,,,,,,,,,,,,,,,,,,,,,,,
2005-01-01,,50.08119849430495,28.651591819523517,-1.306451612903225,,,,,,,,124.03846153846152,129.8421052631579,137.0,,,-40.37735849056604,-91.0,-136.0,,,106983.9,39590.1,4705.2,,,13119.68,4767.79,515.71,,,42.97227777778,42.97227777778,42.97227777778,,,0.12263228392309498,0.1204288445848836,0.10960426761880473,
2005-02-01,266.7434744268078,30.68915813435344,-1.9624060150375933,-25.371428571428574,,222.75,222.75,222.75,222.75,,342.5,119.98305084745763,108.3157894736842,57.66666666666666,,180.0,-65.08333333333333,-125.6842105263158,-167.6,,40.0,126648.5,73452.7,16053.2,,6.57,15708.0,8008.91,1694.86,,44.81821052632,44.81821052632,44.81821052632,44.81821052632,,0.16425,0.1240283145872237,0.10903492996173048,0.10557770413375525,
2005-03-01,,76.202630267769,45.73005093378608,38.38387096774194,,,221.0,221.0,221.0,,,201.140625,180.8947368421053,209.0,,,-90.45,-99.52631578947368,-126.4,,,94526.9,66027.6,14437.1,,,11692.8,7842.34,1478.85,,,50.94287878788,50.94287878788,50.94287878788,,,0.12369812191027105,0.11877366434642482,0.10243400682962644,
2005-04-01,,108.0811048216592,101.85964912280704,112.45999999999998,90.62221350368849,,213.5,213.5,213.5,213.5,,254.9508196721312,213.31578947368425,218.0,204.18994413407825,,23.620689655172413,-12.421052631578949,-2.0,-37.80952380952381,,137965.3,52878.4,6912.4,0.0,,16202.52,5814.35,720.98,0.08,,50.64047619048,50.64047619048,50.64047619048,50.64047619048,,0.11743909519277675,0.10995699567309147,0.10430241305480008,inf
2005-05-01,,147.06803234743495,134.6672325976231,162.99354838709675,,,230.75,230.75,230.75,,,279.10169491525426,314.6842105263158,321.0,,,56.15873015873016,22.63157894736842,27.83333333333333,,,122365.8,42554.1,19030.3,,,15090.74,4971.52,2196.78,,,47.82657287157,47.82657287157,47.82657287157,,,0.12332481788212066,0.11682822571738095,0.11543591010125959,
2005-06-01,,193.31457328591503,170.98245614035088,188.17555555555555,,,222.25,222.25,222.25,,,306.40677966101697,313.3157894736842,305.8333333333333,,,84.15,50.89473684210526,74.5,,,121775.4,36101.7,17801.2,,,14310.85,4283.61,1947.95,,,53.8903030303,53.8903030303,53.8903030303,,,0.1175183986256666,0.1186539692036663,0.109428016088803,
2005-07-01,,201.52375093503383,187.67402376910024,209.4268817204301,,,248.25,248.25,248.25,,,310.91803278688525,312.94736842105266,340.0,,,114.63934426229508,99.10526315789474,104.33333333333331,,,101238.7,27093.4,15525.9,,,12410.08,3403.3,1720.47,,,56.36580952381,56.36580952381,56.36580952381,,,0.12258237215610236,0.12561361807672716,0.11081289973528105,
2005-08-01,,189.05169209599245,164.40747028862478,190.9344086021505,,,216.5,216.5,216.5,,,301.825,276.5263157894737,304.1666666666667,,,114.55,89.47368421052632,89.0,,,123993.4,40955.2,23677.2,,,16243.6,4887.06,2826.95,,,61.89052042161,61.89052042161,61.89052042161,,,0.13100374697362924,0.11932697191077081,0.11939545216495193,
2005-09-01,,170.65708389937402,158.30175438596493,168.0077777777778,,,217.75,217.75,217.75,,,297.26229508196724,285.2105263157895,278.6666666666667,,,72.44444444444444,36.21052631578947,94.16666666666669,,,89706.9,38304.7,12521.6,,,11790.56,4961.84,1392.27,,,61.6876984127,61.6876984127,61.6876984127,,,0.13143425979495446,0.12953606215425262,0.11118946460516227,
2005-10-01,,147.85916113657214,117.94736842105262,111.43494623655911,,,210.25,210.25,210.25,,,221.54098360655735,196.6315789473684,220.5,,,84.55172413793103,25.210526315789476,-17.25,,,110752.5,52308.7,3219.9,,,14699.35,6427.15,386.03,,,58.18507936508,58.18507936508,58.18507936508,,,0.13272251190718043,0.12286961824706025,0.11988881642287026,
2005-11-01,,73.48685395514825,49.10701754385965,40.045,34.30922157658599,,201.75,201.75,201.75,201.75,,190.94444444444449,180.6315789473684,138.66666666666666,116.6590909090909,,-9.679245283018869,-32.05263157894737,-52.0,-55.6045197740113,,93304.3,47756.1,22221.3,0.0,,12106.92,5396.33,2421.28,0.12,,55.04282539683,55.04282539683,55.04282539683,55.04282539683,,0.12975736380852756,0.11299771128714448,0.10896212192806003,inf
2005-12-01,,35.95567662638452,17.2783437087342,6.354301075268817,2.1212537767914785,,225.0,225.0,225.0,225.0,,116.71739130434784,74.73684210526316,105.5,83.05747126436782,,-52.629629629629626,-73.63157894736842,-89.66666666666667,-79.33333333333333,,52390.7,58850.7,14401.9,0.0,,6635.2,6448.48,1537.18,0.1,,56.42964285714,56.42964285714,56.42964285714,56.42964285714,,0.12664843187817684,0.10957354797818887,0.10673452808310015,inf
2006-01-01,,35.89016561244358,-17.648839841539335,-26.118817204301077,,,229.0,229.0,229.0,,,108.13793103448276,62.89473684210526,55.0,,,-39.47761194029851,-114.6842105263158,-149.25,,,137015.6,64709.9,2497.1,,,18559.56,7578.61,295.08,,,62.45703968254,62.45703968254,62.45703968254,,,0.13545581670992207,0.11711670084484753,0.11816907612830883,
2006-02-01,,40.14187460618559,4.434210526315789,-6.208333333333333,,,238.75,238.75,238.75,,,119.8,80.21052631578948,138.5,,,-24.58208955223881,-76.05263157894737,-133.25,,,116470.6,54879.4,935.5,,,15693.32,6915.35,154.09,,,59.70492105263,59.70492105263,59.70492105263,,,0.13474061265246337,0.12600994179965525,0.1647140566541956,
2006-03-01,253.82412698412696,73.96709428865564,24.047538200339563,41.31559139784945,,247.25,247.25,247.25,247.25,,344.0,195.59722222222223,184.8947368421053,200.2,,176.0,-28.44776119402985,-91.47368421052632,-76.2,,43.0,112260.9,68328.1,8081.7,,16.62,14986.56,9352.55,1347.34,,60.92927536232,60.92927536232,60.92927536232,60.92927536232,,0.38651162790697674,0.13349759355216287,0.13687706814619457,0.1667149238402811,
2006-04-01,,109.23687010461865,88.30350877192981,123.4488888888889,,,249.0,249.0,249.0,,,205.734375,220.8947368421053,246.25,,,12.48611111111111,-13.31578947368421,4.25,,,119760.5,39779.9,10426.3,,,16428.12,5741.44,1457.12,,,67.97057504873,67.97057504873,67.97057504873,,,0.13717477799441385,0.14433017679783006,0.13975427524625225,
2006-05-01,,146.4728017535335,139.4159592529711,153.07741935483872,,,262.5,262.5,262.5,,,250.5820895522388,245.42105263157896,277.2,,,54.114754098360656,24.473684210526315,58.25,,,72508.5,56922.8,19745.2,,,10387.51,7909.46,2479.14,,,68.6759486166,68.6759486166,68.6759486166,,,0.1432592040933132,0.138950648949103,0.12555659096894434,
2006-06-01,,189.02835572532712,175.8473684210526,193.4755555555556,,,246.0,246.0,246.0,,,279.9577464788732,303.0,341.75,,,55.921875,48.31578947368421,51.333333333333336,,,112641.7,44115.8,18269.8,,,15563.98,6251.17,2330.37,,,68.29015151515,68.29015151515,68.29015151515,,,0.13817245300807782,0.1416991191364545,0.12755312045014175,
2006-07-01,,231.7479950754474,229.8641765704584,232.05537634408603,,,256.0,256.0,256.0,,,327.2769230769231,347.2631578947368,337.0,,,149.8955223880597,113.47368421052632,119.75,,,105265.7,42829.4,7446.7,,,14788.48,4930.39,1068.43,,,72.4501336675,72.4501336675,72.4501336675,,,0.14048716723491128,0.11511695237383666,0.14347697637879867,
2006-08-01,254.87374551971328,180.03721334551668,162.6213921901528,187.1059139784946,,248.0,248.0,248.0,248.0,,369.0,261.7121212121212,264.3684210526316,308.0,,162.66666666666666,105.78333333333332,90.89473684210526,96.0,,27535.4,122799.5,38949.5,1524.2,,3239.11,16996.01,5455.24,244.47,,71.81188405797,71.81188405797,71.81188405797,71.81188405797,,0.11763439063895931,0.13840455376446972,0.1400593075649238,0.16039233696365307,
2006-09-01,255.767261904762,186.43293086025287,177.45438596491223,176.12555555555556,,275.25,275.25,275.25,275.25,,375.5,286.9833333333333,272.57894736842104,287.75,,104.0,106.046875,73.15789473684211,72.5,,4.9,146751.3,42914.6,16347.5,,1.54,20890.72,6163.73,1947.63,,62.12125396825,62.12125396825,62.12125396825,62.12125396825,,0.3142857142857143,0.14235458220813038,0.14362780964986274,0.11913931793852271,
2006-10-01,,152.4167646463948,129.05942275042446,126.3962365591398,,,334.75,334.75,334.75,,,226.82539682539684,222.68421052631575,262.6666666666667,,,69.13888888888889,32.1578947368421,-34.25,,,140109.0,46876.5,16963.1,,,21226.04,6942.26,1831.22,,,57.91046897547,57.91046897547,57.91046897547,,,0.1514966204883341,0.14809680756882446,0.107953145356686,
2006-11-01,,101.78841544791008,77.29999999999998,69.97988505747126,,,390.5,390.5,390.5,,,177.08771929824562,172.10526315789474,176.4,,,13.196969696969695,-23.73684210526316,-50.4,,,107320.4,45644.7,32799.9,,,16138.73,6177.78,3618.65,,,58.14304545455,58.14304545455,58.14304545455,,,0.15037895870682555,0.13534495790310813,0.11032503147875451,
2006-12-01,257.4483333333333,61.142836535741765,50.84285983776645,24.45322580645162,,398.5,398.5,398.5,398.5,,372.0,163.31034482758622,149.68421052631578,142.5,,199.25,-12.106060606060606,-31.57894736842105,-67.8,,15678.1,110090.5,40109.8,37677.6,,2488.1,16919.71,5656.97,4536.18,,60.9944122807,60.9944122807,60.9944122807,60.9944122807,,0.15869907705653108,0.15368910123943483,0.14103710315184817,0.12039461112172752,
2007-01-01,261.3752873563219,72.4742814057858,54.565459347292965,49.72096774193548,,415.75,415.75,415.75,415.75,,333.0,155.10638297872342,136.26315789473685,142.0,,185.0,-54.05555555555556,-85.15789473684211,-64.0,,55500.0,101260.3,27225.3,17008.3,,8056.13,18736.51,3513.52,2279.72,,53.51696969697,53.51696969697,53.51696969697,53.51696969697,,0.1451554954954955,0.18503312749419068,0.1290534906869713,0.13403573549384712,
2007-02-01,,79.75323765651945,47.29135338345865,49.96726190476191,,,435.5,435.5,435.5,,,159.70149253731344,116.42105263157896,146.0,,,10.637931034482758,-19.94736842105263,-29.2,,,70150.5,27258.5,70282.7,,,13340.87,5325.18,8443.51,,,57.5625,57.5625,57.5625,,,0.19017498093384938,0.1953585120237724,0.12013639202819472,
2007-03-01,263.60919540229884,82.20633568293154,70.49235993208826,81.58064516129032,,385.5,385.5,385.5,385.5,,349.0,178.44776119402985,165.68421052631578,192.5,,182.0,8.171875,-13.052631578947368,-9.6,,14445.7,127183.9,32383.8,86468.5,,2131.97,17560.04,5080.86,9391.77,,60.59984848485,60.59984848485,60.59984848485,60.59984848485,,0.14758509452639884,0.1380681045320988,0.15689511422377855,0.10861492913604377,
2007-04-01,252.8111111111111,138.77243865634995,124.91578947368424,131.61555555555552,,367.5,367.5,367.5,367.5,,344.0,244.0704225352113,256.2631578947368,258.6666666666667,,134.0,32.64705882352941,-0.2631578947368421,27.0,,21.0,120530.9,26518.4,69401.3,,11.31,18274.95,4079.55,9133.69,,65.05764035088,65.05764035088,65.05764035088,65.05764035088,,0.5385714285714286,0.15162045583331746,0.1538384668758296,0.13160690073528883,
2007-05-01,,150.55106021268494,148.94057724957554,177.86236559139792,172.38007040665238,,391.5,391.5,391.5,391.5,,263.171875,272.7894736842105,302.75,317.44444444444446,,68.58333333333333,37.578947368421055,14.2,6.201923076923077,,100594.3,32894.5,79804.3,1890.6,,15391.16,5233.63,10866.52,384.14,,65.15725955204,65.15725955204,65.15725955204,65.15725955204,,0.15300230728778866,0.15910349754518233,0.1361645926347327,0.20318417433618957
2007-06-01,,178.1256602075772,181.7912280701754,217.9138888888889,,,340.0,340.0,340.0,,,279.87692307692305,290.7368421052632,346.0,,,97.27272727272728,97.05263157894736,107.33333333333331,,,108255.9,49817.1,85195.6,,,16000.61,7611.84,12085.74,,,68.1880952381,68.1880952381,68.1880952381,,,0.1478035839155187,0.15279572676851924,0.14185873448863556,
2007-07-01,236.8312596006145,186.59652850868736,179.3599320882852,230.9801075268817,212.0150183719808,342.25,342.25,342.25,342.25,342.25,350.0,286.44776119402985,337.05263157894734,392.5,340.69101123595505,32.0,111.23529411764706,88.57894736842105,102.33333333333331,137.33333333333334,0.0,106501.0,37046.2,93594.2,2550.5,0.24,17772.23,6482.15,13274.09,525.52,73.6016955267,73.6016955267,73.6016955267,73.6016955267,73.6016955267,inf,0.16687383217058993,0.17497476124406822,0.14182598921728057,0.20604587335816507
2007-08-01,240.8636243386244,184.59713064556192,175.0184870779098,220.77473118279573,,340.0,340.0,340.0,340.0,,360.5,305.71830985915494,289.10526315789474,344.8,,128.0,113.53623188405795,77.6842105263158,111.0,,0.0,175452.3,53152.6,58694.4,,0.26,29958.99,9634.68,9815.24,,70.1268115942,70.1268115942,70.1268115942,70.1268115942,,inf,0.17075290549055216,0.18126451010863062,0.16722617489913857,
2007-09-01,263.41067460317464,156.0822291301877,133.54912280701757,142.5861111111111,,389.25,389.25,389.25,389.25,,352.75,250.7391304347826,233.42105263157896,266.0,,147.0,68.25,48.31578947368421,42.6,,139145.3,98144.3,40172.8,4682.6,,23369.95,19290.78,7666.28,891.01,,76.76243859649,76.76243859649,76.76243859649,76.76243859649,,0.16795357083566603,0.19655527626158623,0.1908326031543731,0.19028104044761457,
2007-10-01,262.4784946236559,121.88342379677722,90.660441426146,102.08064516129032,,392.75,392.75,392.75,392.75,,377.0,222.5483870967742,186.1578947368421,237.25,,174.66666666666666,12.28169014084507,-8.526315789473685,-12.0,,195826.8,126852.6,53069.1,1119.7,,37937.66,25825.59,10384.86,313.86,,81.96724637681,81.96724637681,81.96724637681,81.96724637681,,0.19373068446198377,0.20358739198092904,0.19568562496820185,0.28030722514959366,
2007-11-01,261.0541871921182,74.3401690138361,44.50526315789473,35.39055555555556,,401.5,401.5,401.5,401.5,,381.0,145.953125,127.73684210526316,138.66666666666666,,179.5,-32.75,-24.57894736842105,-63.0,,150932.1,74220.6,65757.4,4367.3,,27229.59,15381.56,13144.71,1237.98,,91.33826118326,91.33826118326,91.33826118326,91.33826118326,,0.18040953514858668,0.2072411163477525,0.1998970458077722,0.28346575687495706,
2007-12-01,259.0298387096774,50.89337392608143,22.3705904546312,-6.534408602150537,,466.75,466.75,466.75,466.75,,349.3333333333333,138.9516129032258,128.52631578947367,84.8,,164.0,-35.57575757575758,-68.44444444444444,-65.66666666666667,,155850.8,71689.7,28400.2,2500.3,,27571.31,16041.3,5659.4,518.33,,89.51994152047,89.51994152047,89.51994152047,89.51994152047,,0.17690836364009682,0.22376017754293853,0.19927324455461579,0.20730712314522257,
2008-01-01,249.91405529953917,68.49736776047277,45.21357235593728,11.801612903225807,,513.25,513.25,513.25,513.25,,332.5,136.9016393442623,123.36842105263158,124.0,,177.0,-8.096774193548388,-40.578947368421055,-105.5,,125286.1,91691.7,50999.7,6877.1,,24575.99,22601.85,13202.39,1540.58,,90.68993506494,90.68993506494,90.68993506494,90.68993506494,,0.19615895139205386,0.24649831991336182,0.25887191493283296,0.22401593695016792,
2008-02-01,258.3598765432099,70.88734331441488,44.107078039927394,41.28218390804598,,556.5,556.5,556.5,556.5,,331.5,157.46969696969697,140.26315789473685,189.83333333333331,,170.0,-12.74626865671642,-66.05263157894737,-105.16666666666669,,92521.6,142024.2,33838.8,12761.6,,17320.19,30478.3,8099.43,2909.99,,93.38759064327,93.38759064327,93.38759064327,93.38759064327,,0.18720158319786945,0.2145993429288811,0.2393533458633285,0.22802704989969907,
2008-03-01,253.1927419354839,77.40605231746808,50.758913412563686,65.37849462365591,,582.0,582.0,582.0,582.0,,324.3333333333333,174.046875,185.42105263157896,169.8,,182.0,-2.787878787878788,-39.63157894736842,-34.2,,29362.3,101114.6,15676.5,17546.1,,5312.53,22917.07,3525.47,3806.21,,101.84283333333,101.84283333333,101.84283333333,101.84283333333,,0.1809303085929917,0.22664452017809494,0.22488884636238954,0.21692626851551058,
2008-04-01,252.35996031746032,101.28660432297208,83.91403508771931,115.98222222222222,87.19781410798834,612.25,612.25,612.25,612.25,612.25,329.0,216.67741935483872,202.52631578947367,224.25,189.88888888888889,173.5,3.727272727272727,-17.157894736842106,17.333333333333332,28.22222222222222,132495.5,159038.3,77749.3,25744.9,7544.7,23590.28,34659.71,16553.4,5437.83,2129.72,108.75818181818,108.75818181818,108.75818181818,108.75818181818,108.75818181818,0.17804589589835126,0.21793310164909963,0.21290738308897958,0.21121969788191058,0.2822802762203931
2008-05-01,234.07396313364052,155.13664298387727,154.80135823429544,167.9209677419355,,612.5,612.5,612.5,612.5,,329.5,238.390625,272.7894736842105,325.75,,30.0,57.34285714285714,38.578947368421055,61.66666666666666,,139635.4,111918.5,71131.0,14626.2,,24897.94,24167.44,15083.88,3096.34,,122.63260894661,122.63260894661,122.63260894661,122.63260894661,,0.17830679039842331,0.21593784763019516,0.21205775259732043,0.21169818544803162,
2008-06-01,227.8728243021347,176.00898756938514,177.81403508771928,206.7072222222222,,737.75,737.75,737.75,737.75,,325.75,276.5820895522388,305.05263157894734,333.4,,77.33333333333333,87.68181818181819,68.10526315789474,104.33333333333331,,32020.0,102945.5,54264.1,2399.1,,5944.85,21655.7,11466.59,469.01,,131.52111111111,131.52111111111,131.52111111111,131.52111111111,,0.18566052467207997,0.21036082198833364,0.21131079295519506,0.19549414363719728,
2008-07-01,253.42424475166408,192.5469907703961,188.5246179966044,210.4903225806451,204.72970695385644,607.5,607.5,607.5,607.5,607.5,363.5,299.6969696969697,319.05263157894734,334.8,305.13714285714286,153.0,104.67142857142858,100.42105263157896,121.5,127.2752808988764,86274.6,118219.6,32192.1,19757.7,196.8,16417.51,25993.33,6899.86,4040.46,63.96,132.82518445323,132.82518445323,132.82518445323,132.82518445323,132.82518445323,0.1902936669657118,0.21987326974545676,0.21433395149741707,0.2045005238463991,0.325
2008-08-01,250.99688940092167,190.64690218575808,181.4414261460102,213.44086021505376,,585.0,585.0,585.0,585.0,,356.6,302.6268656716418,304.2105263157895,348.25,,143.5,107.6268656716418,84.21052631578948,87.83333333333333,,135897.5,115496.5,19564.3,16509.4,,27870.03,26098.87,4164.11,3593.8,,114.56682539683,114.56682539683,114.56682539683,114.56682539683,,0.2050812560937471,0.22597109003303129,0.21284226882638274,0.21768204780306977,
2008-09-01,254.33555555555557,152.589132849161,131.25087719298247,152.24722222222223,,506.5,506.5,506.5,506.5,,380.3333333333333,257.9253731343284,248.73684210526315,344.4,,157.5,66.92957746478874,32.36842105263158,36.5,,11473.0,99581.4,59123.9,13724.9,,2486.86,20365.09,12037.5,2899.36,,99.65676767677,99.65676767677,99.65676767677,99.65676767677,,0.2167576048112961,0.20450696616034722,0.20359786820558184,0.2112481693855693,
2008-10-01,,121.06573738303736,97.84436898698355,119.37473118279571,,,419.25,419.25,419.25,,,222.64285714285717,203.88888888888889,218.25,,,27.20967741935484,10.444444444444445,20.0,,,159619.5,68706.3,28701.5,,,29418.14,12035.14,3897.34,,,72.69275362319,72.69275362319,72.69275362319,,,0.18430166740279227,0.1751679249210043,0.13578872184380608,
2008-11-01,,82.64951769505541,56.73888888888887,67.25166666666665,,,365.75,365.75,365.75,,,165.1451612903226,154.61111111111111,200.2,,,2.6610169491525424,-37.55555555555556,-48.333333333333336,,,128598.0,81503.5,28530.0,,,22707.33,13175.96,3707.06,,,53.97272807018,53.97272807018,53.97272807018,,,0.17657607427798255,0.16166127835000949,0.12993550648440239,
2008-12-01,,45.29842133695566,15.421779464473964,28.326344086021507,-1.8670548152897768,,417.75,417.75,417.75,417.75,,114.58620689655172,88.44444444444444,139.0,144.77777777777777,,-19.87719298245614,-90.23529411764706,-83.66666666666667,-116.33333333333331,,118614.9,70420.8,34588.3,1991.0,,19030.82,12019.56,4344.51,356.11,,41.33892496393,41.33892496393,41.33892496393,41.33892496393,,0.1604420692509963,0.17068195760343532,0.12560634665479367,0.1788598694123556
2009-01-01,,31.011890630915577,-14.366223908918403,-19.512365591397845,-41.9560361305223,,390.25,390.25,390.25,390.25,,116.41666666666669,72.88888888888889,82.0,43.0,,-58.45454545454545,-131.27777777777777,-123.5,-181.40883977900552,,120063.0,39179.1,25845.1,20727.1,,19232.63,6402.32,2933.17,2660.39,,43.85521428571,43.85521428571,43.85521428571,43.85521428571,,0.16018781806218402,0.16341161486608932,0.11349037148240866,0.12835321873296313
2009-02-01,,50.03564010327496,14.478174603174606,10.956547619047615,,,359.0,359.0,359.0,,,147.71186440677965,94.33333333333331,132.83333333333334,,,-33.23880597014925,-81.83333333333333,-74.5,,,165003.9,39802.7,55964.6,,,24695.37,6191.44,5798.46,,,41.8436754386,41.8436754386,41.8436754386,,,0.14966537154576345,0.15555326648694687,0.10360942452907732,
2009-03-01,,80.33723649081523,51.100358422939074,59.99516129032258,12.198207711376938,,414.75,414.75,414.75,414.75,,177.88524590163934,129.61111111111111,172.0,131.07462686567163,,-6.852941176470588,-36.833333333333336,-28.0,-56.1,,142167.6,49272.5,47115.4,5164.6,,21213.34,8118.62,5523.4,755.92,,46.6453030303,46.6453030303,46.6453030303,46.6453030303,,0.14921360422487262,0.16476980059871124,0.11723130865916451,0.1463656430314061
2009-04-01,,115.40726960332672,127.04999999999995,145.38833333333335,,,403.5,403.5,403.5,,,197.70967741935485,229.27777777777777,241.6,,,51.796875,11.555555555555555,47.66666666666666,,,100277.8,43574.1,49119.4,,,14246.1,6648.88,6007.59,,,50.2780952381,50.2780952381,50.2780952381,,,0.14206633970829036,0.15258789051294233,0.12230585064149806,
2009-05-01,,155.53259598530414,143.0913978494624,170.75645161290322,,,446.25,446.25,446.25,,,270.125,268.05555555555554,298.6666666666667,,,74.17647058823529,40.27777777777778,56.4,,,101982.4,31585.3,32702.2,,,14621.89,4991.08,4296.45,,,58.15388888889,58.15388888889,58.15388888889,,,0.1433766022372488,0.15801907849537603,0.1313810691635425,
2009-06-01,,182.46175552832867,155.887037037037,186.93888888888893,188.19735924477968,,354.5,354.5,354.5,354.5,,299.93939393939394,275.22222222222223,311.25,315.5103448275862,,101.83076923076923,54.888888888888886,73.6,101.55555555555556,,146035.5,38285.4,13005.7,705.5,,21571.66,5996.12,1968.18,112.94,,69.1496969697,69.1496969697,69.1496969697,69.1496969697,,0.14771517884350038,0.15661636028355455,0.1513321082294686,0.1600850460666194
2009-07-01,231.2508064516129,199.73850237215208,187.02867383512535,223.9844086021505,219.47802885087376,349.5,349.5,349.5,349.5,349.5,338.0,299.15625,292.3333333333333,334.75,346.125,63.5,124.44444444444444,101.88888888888889,117.16666666666669,124.78571428571428,21.0,182310.4,25720.6,25830.0,0.0,11.31,29427.15,4194.42,5515.33,0.05,64.66667325428,64.66667325428,64.66667325428,64.66667325428,64.66667325428,0.5385714285714286,0.16141234948746755,0.16307628904457908,0.21352419667053812,inf
2009-08-01,252.56006144393243,208.74889340785808,194.22401433691752,221.68064516129036,,329.75,329.75,329.75,329.75,,352.0,323.0857142857143,341.8333333333333,343.4,,151.5,102.29411764705884,75.33333333333333,104.16666666666669,,0.6,167420.0,28722.1,18258.7,,0.39,25325.36,4533.45,3518.98,,71.62968253968,71.62968253968,71.62968253968,71.62968253968,,0.65,0.15126842671126509,0.15783838925426763,0.192728945653305,
2009-09-01,264.27777777777777,172.24348456842105,152.88703703703703,187.56722222222217,164.7727710935643,356.75,356.75,356.75,356.75,356.75,380.0,283.87142857142857,295.55555555555554,311.0,281.72,142.25,92.54285714285714,51.5,92.16666666666669,60.92,17295.3,150751.3,26531.6,6130.8,0.0,2867.84,21025.07,3758.3,730.48,0.0,68.34611111111,68.34611111111,68.34611111111,68.34611111111,68.34611111111,0.16581614658317578,0.1394685816971396,0.14165372612281205,0.11914921380570236,
2009-10-01,262.097311827957,130.82198288232337,89.10215053763443,109.88709677419357,,379.25,379.25,379.25,379.25,,353.0,244.46875,228.5,272.5,,165.0,15.485714285714286,-11.555555555555555,-5.666666666666667,,4186.0,244067.6,41169.7,20169.5,,662.59,33128.14,5720.94,2325.77,,74.08060606061,74.08060606061,74.08060606061,74.08060606061,,0.15828714763497373,0.13573346072973225,0.13895996327396118,0.11531123726418602,
2009-11-01,,103.7409546856935,82.17407407407407,69.87555555555556,,,417.5,417.5,417.5,,,181.75,152.22222222222223,185.5,,,37.98275862068966,15.72222222222222,-29.5,,,148632.8,48762.5,17622.2,,,20964.64,6465.88,1932.16,,,77.5523015873,77.5523015873,77.5523015873,,,0.14104988939184354,0.1325994360420405,0.10964351783545755,
2009-12-01,256.78397337429595,52.78584083738558,10.78136200716846,16.42258064516129,-20.58006058962066,424.25,424.25,424.25,424.25,424.25,340.3333333333333,133.5344827586207,102.11111111111111,165.0,111.07692307692308,174.0,-64.05263157894737,-158.0,-174.33333333333334,-189.8571428571429,6596.4,126484.3,37520.8,20774.5,3762.8,1036.4,14388.66,5399.93,2543.77,583.24,74.88181818182,74.88181818182,74.88181818182,74.88181818182,74.88181818182,0.15711600266812203,0.11375846646579851,0.14391830664591374,0.12244674962092951,0.1550015945572446
2010-01-01,258.44009216589865,25.38681821896466,-27.849462365591396,-18.06720430107527,-75.57656087554047,367.75,367.75,367.75,367.75,367.75,330.0,107.62222222222222,36.388888888888886,83.5,41.333333333333336,188.25,-38.94230769230769,-141.22222222222223,-140.25,-248.33333333333331,17348.1,116974.7,19612.9,17362.7,931.5,2577.81,14293.17,3125.97,2093.8,144.12,77.1210877193,77.1210877193,77.1210877193,77.1210877193,77.1210877193,0.1485932177010739,0.1221902684939564,0.1593833650301587,0.12059184343448888,0.1547181964573269
2010-02-01,264.8106434240363,46.02107843474665,3.178571428571428,8.560119047619049,,389.0,389.0,389.0,389.0,,337.5,135.52631578947367,124.22222222222224,144.5,,202.5,-44.74193548387097,-80.77777777777777,-114.83333333333331,,13654.1,129139.6,19137.0,11116.6,,2268.66,18822.32,2931.49,1351.24,,74.76301559454,74.76301559454,74.76301559454,74.76301559454,,0.16615229125317668,0.1457517291365313,0.15318440716935777,0.12155155353255491,
2010-03-01,,73.3239307132626,50.86917562724014,62.52150537634409,17.991297292992133,,356.5,356.5,356.5,356.5,,178.62121212121212,209.27777777777777,210.25,155.77272727272728,,-23.580645161290324,-94.61111111111111,-61.4,-106.27272727272728,,148926.5,29802.7,31101.4,1472.2,,20430.67,4431.68,3739.81,262.28,,79.29768115942,79.29768115942,79.29768115942,79.29768115942,,0.13718626302236336,0.14870062108466683,0.12024571241165992,0.178155141964407
2010-04-01,,114.57758296802083,94.9574074074074,115.75111111111111,,,375.25,375.25,375.25,,,243.9056603773585,253.72222222222223,242.4,,,29.93103448275862,-9.944444444444445,18.5,,,123897.4,31611.8,36610.7,,,17029.91,4822.52,4355.79,,,84.18285714286,84.18285714286,84.18285714286,,,0.13745171407955292,0.15255442587894397,0.11897587317368967,
2010-05-01,,130.10796813640445,109.66666666666669,157.47688172043007,167.7688726636918,,369.0,369.0,369.0,369.0,,270.27272727272725,238.44444444444449,259.6666666666667,250.82142857142856,,48.274193548387096,19.11111111111111,63.5,91.74074074074076,,132086.7,27902.0,25168.9,1187.1,,19634.15,4158.38,3445.23,216.91,,75.61831746032,75.61831746032,75.61831746032,75.61831746032,,0.14864592725838408,0.1490351946097054,0.13688440893324696,0.1827226012972791
2010-06-01,253.16992063492063,177.4885872273637,170.57962962962964,196.00166666666664,,362.75,362.75,362.75,362.75,,362.0,281.54411764705884,291.94444444444446,323.5,,144.5,87.875,69.22222222222223,96.0,,21.0,152040.0,20303.0,19332.8,,14.29,21905.49,3329.59,2624.05,,74.725,74.725,74.725,74.725,,0.6804761904761905,0.1440771507498027,0.16399497611190464,0.13573046842671524,
2010-07-01,248.4026272577997,211.5843882893101,211.3508328062408,226.5489247311828,,406.75,406.75,406.75,406.75,,356.5,314.26153846153846,345.72222222222223,338.8,,149.2,124.55384615384617,93.22222222222224,125.2,,0.0,141850.9,27124.5,11179.1,,0.15,20604.87,4484.28,1531.19,,74.5794011544,74.5794011544,74.5794011544,74.5794011544,,inf,0.14525723841018987,0.1653221257534701,0.13696898676995464,
2010-08-01,260.49297235023045,191.94295300123383,172.64157706093192,206.9456989247312,,439.25,439.25,439.25,439.25,,387.0,298.61290322580646,280.5,317.0,,116.0,96.77272727272728,78.66666666666667,78.6,,21146.4,201049.8,30051.5,12822.0,,3879.6,23447.17,5142.35,1939.05,,75.82626984127,75.82626984127,75.82626984127,75.82626984127,,0.18346385200317783,0.11662369223943521,0.17111791424720896,0.15122835751052877,
2010-09-01,276.1344827586207,159.7288986391836,130.55,144.79444444444442,,508.25,508.25,508.25,508.25,,398.0,261.05882352941177,234.44444444444449,232.8,,163.0,66.51470588235294,49.72222222222222,58.75,,123389.8,106949.6,40067.2,6155.7,,20162.84,17949.32,7150.59,1119.18,,76.11624098124,76.11624098124,76.11624098124,76.11624098124,,0.16340767227112776,0.16782970670297037,0.1784649289194154,0.1818119791412837,
2010-10-01,255.45796210957505,121.21349432543867,88.41756272401435,82.1279569892473,,595.0,595.0,595.0,595.0,,368.0,229.390625,209.0,166.25,,150.0,15.890625,-1.4444444444444444,-25.0,,77465.7,113896.4,20837.0,2388.1,,12872.78,20462.67,4119.37,420.38,,81.71936507937,81.71936507937,81.71936507937,81.71936507937,,0.16617393246301268,0.17966037556937708,0.19769496568603925,0.17603115447426826,
2010-11-01,261.3077777777778,79.01470093525754,53.05925925925927,79.58055555555555,,544.0,544.0,544.0,544.0,,391.0,176.30769230769232,164.94444444444446,201.8,,173.66666666666666,-21.70175438596491,-70.72222222222223,-28.5,,33332.3,143007.5,46159.1,78972.9,,5169.41,27921.6,8813.91,10793.24,,84.53406349206,84.53406349206,84.53406349206,84.53406349206,,0.1550871077003387,0.19524570389664878,0.19094631394459596,0.13667017419899738,
2010-12-01,260.14836149513565,31.32221175980641,-29.86074214632089,-10.695698924731184,,636.5,636.5,636.5,636.5,,335.2,118.4888888888889,51.72222222222222,148.0,,176.0,-50.45762711864407,-113.47058823529412,-157.75,,12692.5,98436.5,36204.5,73686.4,,1953.64,20988.56,7207.85,10429.64,,90.00596179183,90.00596179183,90.00596179183,90.00596179183,,0.15392081938152452,0.21321928349748318,0.199087130052894,0.1415409084987189,
2011-01-01,255.0773297491039,49.82540275588685,17.91471642420409,1.5956989247311812,-37.68592004025484,670.0,670.0,670.0,670.0,670.0,326.3333333333333,137.10169491525423,114.11111111111111,117.0,30.75,182.0,-17.78688524590164,-80.27777777777777,-90.5,-132.11764705882354,120397.5,49734.7,14824.3,29874.6,27000.0,21545.52,10246.74,3174.74,4172.73,5067.31,92.6905952381,92.6905952381,92.6905952381,92.6905952381,92.6905952381,0.1789532174671401,0.20602798448568102,0.2141578354458558,0.13967484083468898,0.18767814814814815
2011-02-01,254.99172771672775,67.28650275632559,19.39087301587302,-3.2440476190476177,-58.08478657536396,731.0,731.0,731.0,731.0,731.0,330.5,143.83636363636364,111.55555555555556,152.0,90.91304347826087,196.66666666666663,-18.737704918032787,-93.0,-82.5,-175.75,73102.4,47422.4,14143.6,50360.5,33000.0,14706.88,9617.6,3037.63,9393.48,6664.82,97.9141920078,97.9141920078,97.9141920078,97.9141920078,97.9141920078,0.20118190374050648,0.2028071122507507,0.21477063830990695,0.18652475650559466,0.2019642424242424
2011-03-01,248.93268049155145,89.48324667366057,57.09856630824372,59.54731182795698,,701.0,701.0,701.0,701.0,,331.0,190.3283582089552,166.38888888888889,202.0,,162.0,5.476190476190476,-49.94444444444444,-69.2,,70899.5,84506.5,73242.5,70708.9,,13253.67,18008.76,15132.72,12725.87,,108.6452173913,108.6452173913,108.6452173913,108.6452173913,,0.1869360150635759,0.21310502742392595,0.2066111888589275,0.17997550520514394,
2011-04-01,245.69955026455028,138.66552170879763,124.9888888888889,130.57833333333335,92.24228103485348,756.5,756.5,756.5,756.5,756.5,314.1428571428572,239.2153846153846,246.22222222222223,241.16666666666663,227.57692307692307,188.16666666666663,35.6,5.666666666666667,25.6,0.8461538461538461,36669.5,42055.4,27216.8,38659.2,47922.9,7055.7,8449.95,6011.43,7207.97,9228.62,116.24316666667,116.24316666667,116.24316666667,116.24316666667,116.24316666667,0.1924133135166828,0.20092425705141315,0.2208720349196085,0.18644902119029882,0.19257223582045327
2011-05-01,241.08701996927803,161.27919989770643,147.19175627240142,162.42849462365592,161.93492510200525,717.5,717.5,717.5,717.5,717.5,345.0,259.23880597014926,292.6666666666667,293.6666666666667,290.75,135.25,72.109375,-3.9444444444444446,15.166666666666666,32.38461538461539,18847.5,100026.0,26055.5,51331.9,57089.8,3307.98,21136.1,5637.19,10723.49,12275.28,108.06851298701,108.06851298701,108.06851298701,108.06851298701,108.06851298701,0.17551293274970156,0.21130606042428968,0.21635316919652278,0.20890498890553436,0.21501704332472701
2011-06-01,,176.9961260094523,171.63148148148147,202.87388888888887,203.09096628579363,,648.0,648.0,648.0,648.0,,318.9508196721312,304.94444444444446,318.0,310.42105263157896,,79.66129032258064,75.44444444444444,102.25,114.2,,138983.8,40048.0,34630.6,25230.0,,29296.72,8820.33,7036.89,5853.36,,105.84545454546,105.84545454546,105.84545454546,105.84545454546,,0.21079233694862282,0.22024395725129844,0.2031986162526783,0.23199999999999998
2011-07-01,,182.0331784212284,166.30286738351248,208.38494623655916,222.898374443236,,668.75,668.75,668.75,668.75,,285.0967741935484,269.1666666666667,361.2,327.5416666666667,,110.77142857142856,88.22222222222223,84.8,125.33333333333331,,150780.1,24290.2,38519.3,26002.6,,33773.83,5723.61,9077.34,6184.25,,107.91661111111,107.91661111111,107.91661111111,107.91661111111,,0.2239939488035888,0.23563453573869295,0.2356569304218924,0.23783198603216602
2011-08-01,246.65,198.12850058294416,182.45340501792109,221.95053763440865,,767.5,767.5,767.5,767.5,,389.0,313.2068965517241,306.8333333333333,358.2,,70.0,106.31746031746032,78.5,95.83333333333331,,82818.4,115691.4,21420.6,22158.4,,17183.45,24835.43,5084.94,4832.84,,100.48642512077,100.48642512077,100.48642512077,100.48642512077,,0.20748348193155147,0.21466962972182896,0.23738550740875605,0.2181041952487544,
2011-09-01,256.46452380952377,182.91634727663828,158.70740740740743,194.6238888888889,,605.75,605.75,605.75,605.75,,391.0,276.78333333333336,282.72222222222223,319.3333333333333,,128.66666666666666,101.7377049180328,63.27777777777778,82.6,,36486.8,86010.1,24026.1,12474.1,,7639.51,20996.9,5318.08,3073.38,,100.81935064935,100.81935064935,100.81935064935,100.81935064935,,0.2093773638685771,0.244121329936833,0.22134595294284135,0.24638090122734305,
2011-10-01,,137.77135832440368,100.1863799283154,100.455376344086,,,659.0,659.0,659.0,,,271.7096774193548,255.38888888888889,270.0,,,26.047619047619047,-6.0,-27.5,,,141043.6,41073.2,23604.2,,,29013.56,8679.48,4507.28,,,99.84775396825,99.84775396825,99.84775396825,,,0.20570632059873684,0.2113173553558038,0.19095245761347554,
2011-11-01,,106.0468107500014,50.63148148148149,22.625,16.00487054426948,,608.0,608.0,608.0,608.0,,187.3,146.88888888888889,167.0,107.25,,41.46428571428572,-25.83333333333333,-50.66666666666666,-76.80952380952381,,121398.6,53571.0,32833.0,49500.0,,24910.51,10788.74,6446.63,9454.53,,105.40501443001,105.40501443001,105.40501443001,105.40501443001,,0.20519602367737352,0.20139142446472905,0.1963460542746627,0.19100060606060607
2011-12-01,,78.02566276543408,46.89247311827958,26.287096774193547,21.518083170449845,,654.75,654.75,654.75,654.75,,153.71428571428572,122.94444444444444,126.5,114.8,,1.2586206896551724,-10.944444444444445,-64.33333333333333,-61.583333333333336,,42450.2,38860.7,37916.0,135937.4,,8399.3,7850.6,7401.17,27115.72,,104.23047619048,104.23047619048,104.23047619048,104.23047619048,,0.1978624364549519,0.20201900634831593,0.1951991243802089,0.1994721099564947
2012-01-01,,61.7757992313762,26.872759856630815,12.728494623655916,-37.5087265115148,,645.25,645.25,645.25,645.25,,139.3877551020408,122.33333333333331,103.25,69.85714285714286,,-22.074626865671643,-86.11111111111111,-113.6,-200.2,,98837.6,35567.7,54730.0,30706.7,,19998.7,7194.31,10603.21,5842.22,,107.07457226399,107.07457226399,107.07457226399,107.07457226399,,0.20233898840117526,0.2022708806023443,0.1937367074730495,0.190258803453318
2012-02-01,,20.168094989445663,-16.48275862068966,-35.34022988505747,,,658.0,658.0,658.0,,,159.9375,113.27777777777776,133.5,,,-93.9090909090909,-172.27777777777777,-167.2,,,127505.5,30869.7,80227.6,,,25913.21,6648.78,15505.78,,,112.68752380952,112.68752380952,112.68752380952,,,0.20323209587037422,0.2153820736839036,0.19327239005030686,
2012-03-01,,99.61719456785234,76.71863799283155,81.26881720430107,,,643.25,643.25,643.25,,,203.87142857142857,193.38888888888889,219.8,,,3.838235294117647,-17.77777777777778,-73.6,,,120969.5,52019.0,84370.8,,,26645.0,10754.98,17947.86,,,117.785,117.785,117.785,,,0.2202621321903455,0.20675099482881254,0.2127259668036809,
2012-04-01,,98.39983708821154,87.61481481481478,121.04333333333332,121.3236594076086,,634.25,634.25,634.25,634.25,,185.80701754385964,262.3888888888889,297.6666666666667,298.25,,14.209677419354838,-21.166666666666668,-28.8,-9.433333333333334,,72507.1,32829.3,43559.1,2708.1,,15053.12,7005.74,9441.88,768.02,,113.6655,113.6655,113.6655,113.6655,,0.20760891002398385,0.21339900637540243,0.21676021772717985,0.28360104870573466
2012-05-01,,149.7149140433408,148.98745519713262,167.36129032258063,184.2265547153485,,525.5,525.5,525.5,525.5,,263.4406779661017,272.22222222222223,308.8,301.6666666666667,,51.72058823529412,10.5,48.0,83.42857142857143,,102777.7,60963.9,120969.1,61740.0,,21790.03,13211.34,24179.81,13084.17,,104.0860342556,104.0860342556,104.0860342556,104.0860342556,,0.2120112631436586,0.2167075925260687,0.19988418530021304,0.21192371234207968
2012-06-01,,178.42613835881176,160.12037037037032,212.88222222222225,209.95125222936517,,628.5,628.5,628.5,628.5,,292.0,286.22222222222223,342.1666666666667,319.125,,91.14285714285714,63.05555555555556,89.6,93.82142857142856,,114444.7,31425.4,127622.4,88495.8,,24918.85,6794.89,26319.94,19437.13,,90.72825396825,90.72825396825,90.72825396825,90.72825396825,,0.21773703806292471,0.21622286430721646,0.20623291835915952,0.21963901111691178
2012-07-01,,190.2461845778356,179.46236559139786,236.56827956989247,238.38475012702224,,805.25,805.25,805.25,805.25,,307.9384615384615,317.8888888888889,362.5,343.4583333333333,,111.8923076923077,78.44444444444444,107.83333333333331,129.8148148148148,,68327.7,27336.7,79476.2,36713.5,,16496.68,6005.95,17348.73,8325.25,,96.75411255411,96.75411255411,96.75411255411,96.75411255411,,0.2414347329121279,0.2197028170920411,0.21828836809006974,0.22676263499802524
2012-08-01,,207.861369400277,191.21146953405017,231.13763440860217,211.7854633692984,,802.75,802.75,802.75,802.75,,328.953125,350.1666666666667,374.6,364.4761904761905,,121.6,95.5,99.4,102.47619047619048,,68528.4,41007.8,72712.0,4888.1,,16705.17,9390.38,13953.55,1397.59,,105.27363699103,105.27363699103,105.27363699103,105.27363699103,,0.24377002819269092,0.22899009456737496,0.19190161183848609,0.2859168183956956
2012-09-01,247.4744444444445,164.15089000042295,141.70370370370372,184.30222222222216,,756.25,756.25,756.25,756.25,,391.0,279.98591549295776,281.3888888888889,321.2,,76.5,64.93846153846154,35.5,42.75,,0.6,126083.9,50386.5,43596.6,,0.09,30817.6,11894.15,8860.44,,106.28496491228,106.28496491228,106.28496491228,106.28496491228,,0.15,0.2444213733870859,0.23605826957617615,0.20323694967038716,
2012-10-01,246.0040229885057,132.65020380841483,94.01075268817203,112.9263440860215,114.338727509876,755.75,755.75,755.75,755.75,755.75,360.2,226.5625,216.55555555555557,245.83333333333331,245.4189189189189,149.0,10.666666666666666,-38.05555555555556,-11.2,4.737704918032787,0.0,143433.6,85759.3,23454.1,6474.1,0.11,32935.84,20301.51,4292.3,1886.9,103.40786561265,103.40786561265,103.40786561265,103.40786561265,103.40786561265,inf,0.22962430002454093,0.2367266290653025,0.18300851450279484,0.29145363834355353
2012-11-01,,87.23853644872604,58.46666666666666,74.09722222222223,49.68463716313274,,748.0,748.0,748.0,748.0,,151.703125,136.61111111111111,193.0,159.44444444444446,,7.553571428571429,-33.611111111111114,1.2,-24.37037037037037,,158928.9,74000.1,12132.0,163242.4,,37483.39,17827.34,2172.26,38175.53,,101.17441558442,101.17441558442,101.17441558442,101.17441558442,,0.2358500562201085,0.24090967444638586,0.17905209363666338,0.23385793151779194
2012-12-01,261.1431034482759,66.8808390442179,26.120071684587817,0.1000000000000002,-37.77721320124166,698.25,698.25,698.25,698.25,698.25,382.0,151.03333333333333,127.55555555555556,92.33333333333331,105.5909090909091,199.5,-45.6031746031746,-96.05555555555556,-96.0,-185.57142857142856,0.9,42251.8,59916.6,10654.9,115972.6,1.68,10395.19,14049.63,2126.68,27368.64,101.19366666667,101.19366666667,101.19366666667,101.19366666667,101.19366666667,1.8666666666666665,0.24602951826904415,0.23448643614624326,0.19959642981163594,0.23599229473168662
2013-01-01,250.7473015873016,46.67494952030675,8.275985663082437,5.35,-27.61072151803299,740.5,740.5,740.5,740.5,740.5,354.0,148.54901960784315,129.83333333333334,106.66666666666669,81.45454545454545,165.0,-42.25806451612903,-89.5,-68.75,-157.66666666666666,69021.1,62058.6,21408.0,20357.0,152022.8,16433.5,15886.47,5191.76,3489.82,35232.71,105.10021645022,105.10021645022,105.10021645022,105.10021645022,105.10021645022,0.23809385825493942,0.2559914339027951,0.24251494768310913,0.17143095741022746,0.23175938082971767
2013-02-01,256.0255952380952,35.76469198397777,0.0595238095238091,19.621428571428574,0.3507169525920255,719.5,719.5,719.5,719.5,719.5,348.0,126.53703703703704,75.94444444444444,94.66666666666669,62.55555555555556,184.5,-36.25757575757576,-64.94444444444444,-94.33333333333331,-66.73076923076923,189215.5,79654.9,19396.2,10689.8,57427.0,39296.18,19977.09,5218.8,1819.64,13374.45,107.63743567252,107.63743567252,107.63743567252,107.63743567252,107.63743567252,0.2076794977155677,0.25079549406251217,0.2690630123426238,0.17022208086213028,0.23289480557925715
2013-03-01,252.9567602040816,65.4852516258431,7.831541218637995,35.68010752688172,0.222890385517644,695.25,695.25,695.25,695.25,695.25,346.0,154.92307692307693,145.55555555555554,158.66666666666666,137.5,174.0,-24.311475409836067,-93.0,-74.6,-118.22727272727272,137655.1,70019.3,22711.5,2325.4,101554.2,31173.01,17019.81,5598.4,465.71,24201.56,102.5225,102.5225,102.5225,102.5225,102.5225,0.22645735610231657,0.2430731241243486,0.24650067146599738,0.20027092113184827,0.2383117586471067
2013-04-01,242.84022988505748,103.07045230199915,87.23888888888887,124.05388888888888,106.79984549525209,683.25,683.25,683.25,683.25,683.25,356.0,236.0735294117647,229.44444444444449,289.4,274.2105263157895,124.5,13.333333333333334,-49.16666666666666,-5.75,-14.238095238095235,63000.0,87694.0,33683.3,2559.7,117228.1,13687.3,21921.46,8233.62,507.17,28705.31,98.85196969697,98.85196969697,98.85196969697,98.85196969697,98.85196969697,0.21725873015873015,0.24997673729103473,0.24444220132825464,0.19813650037113725,0.24486714362853274
2013-05-01,195.3148148148148,119.23106754112756,121.69884578619222,162.01612903225802,189.13913319872637,662.0,662.0,662.0,662.0,662.0,320.0,203.93548387096772,225.0,294.0,286.39130434782606,71.5,48.323076923076925,31.6,69.33333333333333,86.92592592592592,18879.2,119826.4,24104.9,12011.0,73641.9,4391.4,29435.24,5989.42,2347.55,16990.02,99.36663341489,99.36663341489,99.36663341489,99.36663341489,99.36663341489,0.23260519513538708,0.24564903894300424,0.24847313201880114,0.19545000416285074,0.23071132059330357
2013-06-01,187.86507936507937,165.2751358603918,164.25330882352944,195.515,210.58373404206225,679.25,679.25,679.25,679.25,679.25,292.6666666666667,262.20338983050846,327.6470588235294,341.8,308.1304347826087,76.0,86.12121212121212,64.94117647058823,84.8,103.5,0.1,175527.9,31940.2,11213.2,60942.2,0.5,42020.49,7896.73,2188.18,13923.17,99.74266666667,99.74266666667,99.74266666667,99.74266666667,99.74266666667,5.0,0.2393949337968494,0.24723483259340892,0.19514322405736095,0.2284651686351986
2013-07-01,173.46825396825398,214.84992030292287,204.68560246679317,225.1241935483871,208.57516536966745,499.0,499.0,499.0,499.0,499.0,290.0,314.6935483870968,333.25,369.8333333333333,309.8888888888889,53.0,120.91228070175438,100.5625,96.0,117.69565217391305,74018.4,190141.5,23293.3,18393.3,69251.3,15904.5,47440.34,5502.38,3453.21,15680.27,105.25790513834,105.25790513834,105.25790513834,105.25790513834,105.25790513834,0.21487224798158297,0.24950018801787088,0.23622157444415348,0.1877428193961932,0.22642564110709834
2013-08-01,177.0625,199.03434109156237,188.6699478178368,224.6435483870968,209.4241739155772,495.0,495.0,495.0,495.0,495.0,336.0,310.9846153846154,348.94117647058823,377.25,316.4074074074074,63.0,121.046875,84.3529411764706,110.0,118.45,93627.2,112902.7,10896.9,29984.5,7246.3,18187.94,29038.08,2596.04,5785.77,1469.18,108.15763636364,108.15763636364,108.15763636364,108.15763636364,108.15763636364,0.19425914691457183,0.2571956206538905,0.2382365626921418,0.19295869532591842,0.20274898913928488
2013-09-01,197.1875,170.18373538782075,141.46151960784314,149.29388888888886,130.83412297093906,441.5,441.5,441.5,441.5,441.5,350.0,293.8,292.47058823529414,263.5,239.22727272727272,57.0,101.29032258064515,40.9375,56.0,15.92,106103.8,89644.4,17886.8,18275.9,3514.4,21929.98,22445.0,4186.39,3281.5,768.97,108.75773015873,108.75773015873,108.75773015873,108.75773015873,108.75773015873,0.20668420923661546,0.25037816082209263,0.23404913120289825,0.17955340092690372,0.21880548600045527
2013-10-01,,146.14852697712112,114.21608159392788,126.63225806451614,90.9214542042236,,428.25,428.25,428.25,428.25,,232.2153846153846,219.8823529411765,245.0,206.72727272727272,,51.1875,16.823529411764707,-24.2,-11.25,,120239.3,22951.4,42300.3,21940.0,,24150.01,4606.6,6557.15,4777.63,,105.42713438735,105.42713438735,105.42713438735,105.42713438735,,0.20084955584405428,0.20071106773443015,0.1550142670382952,0.21775888787602554
2013-11-01,214.8235294117647,79.48088422870319,52.17083333333334,70.67277777777778,64.85462336457931,415.25,415.25,415.25,415.25,415.25,350.0,176.0983606557377,150.47058823529412,200.5,191.86666666666667,62.0,-16.07017543859649,-57.8235294117647,-59.25,-52.05263157894737,21492.3,108725.9,18091.7,6087.2,48775.1,3896.1,21297.07,3433.65,1142.8,7858.04,102.62649122807,102.62649122807,102.62649122807,102.62649122807,102.62649122807,0.18127887662092937,0.1958785349213021,0.18979145132850975,0.18773820475752398,0.1611076143360034
2013-12-01,,62.92785631310485,42.39729601518026,15.743010752688171,-4.210161589850668,,422.0,422.0,422.0,422.0,,131.80357142857142,123.0,119.5,62.0,,-9.559322033898304,-33.529411764705884,-66.5,-109.3076923076923,,142347.0,41040.4,33327.6,191915.0,,26453.2,6279.06,5049.56,36237.99,,105.48165079365,105.48165079365,105.48165079365,105.48165079365,,0.18583602042895178,0.15299704681240925,0.15151286021195648,0.18882312482088423
2014-01-01,248.78571428571428,72.2679638566337,30.868031083401107,28.986559139784944,-40.75710825893642,434.0,434.0,434.0,434.0,434.0,362.0,136.5344827586207,125.76470588235294,133.0,75.0,84.0,11.5,-55.875,-114.0,-230.06666666666663,89198.4,63802.7,12246.2,43738.5,445061.2,13578.58,10913.02,2239.05,5974.0,73058.36,102.09666666667,102.09666666667,102.09666666667,102.09666666667,102.09666666667,0.15222896374822867,0.17104323171276453,0.18283630840587284,0.13658447363306928,0.16415351416838853
2014-02-01,253.3571428571429,73.71717151832219,52.46151085434173,42.56011904761905,-5.934500683321376,457.5,457.5,457.5,457.5,457.5,390.0,143.6,131.88235294117646,144.75,89.17391304347827,85.0,12.34375,-20.294117647058822,-87.25,-191.96296296296296,60755.1,43251.0,23695.5,11393.2,157142.8,9373.98,7548.08,3802.55,1534.2,26948.58,104.82666666667,104.82666666667,104.82666666667,104.82666666667,104.82666666667,0.15429124468563132,0.17451804582553004,0.1604756177333249,0.13465927044201803,0.17149102599673674
2014-03-01,,91.1807099878888,79.0022770398482,94.6005376344086,64.2237419869089,,502.0,502.0,502.0,502.0,,189.13846153846157,203.76470588235293,208.6,191.3703703703704,,6.5,-20.235294117647054,-5.833333333333333,-24.76923076923077,,66335.0,27484.7,30871.1,319340.9,,11731.85,4372.63,4252.31,53459.55,,104.04,104.04,104.04,104.04,,0.17685761664279792,0.15909324096679242,0.13774403892313525,0.16740589758468144
2014-04-01,,122.11330804776736,117.89759803921568,126.98444444444443,101.5938002326374,,514.0,514.0,514.0,514.0,,214.5344827586207,225.1764705882353,224.0,220.36,,38.28125,-11.470588235294118,14.166666666666666,-31.40909090909091,,70046.9,19072.3,20100.4,125175.4,,12702.35,3298.51,2903.08,21908.7,,104.86666666667,104.86666666667,104.86666666667,104.86666666667,,0.18134064462524396,0.1729476780461717,0.14442896658772958,0.17502400631433973
2014-05-01,,137.09129989209927,132.46737033523087,154.9123655913979,169.65832580532648,,465.75,465.75,465.75,465.75,,227.7230769230769,276.0,287.8333333333333,298.56,,49.55384615384615,10.6,37.8,6.318181818181818,,66780.3,25745.2,28050.6,112243.4,,11708.1,4634.64,4018.73,21013.07,,105.71333333333,105.71333333333,105.71333333333,105.71333333333,,0.1753226625217317,0.18001957646473907,0.14326716719071964,0.18720984930962534
2014-06-01,,184.58917762118315,170.71979575163402,198.70277777777773,184.62926874924133,,424.25,424.25,424.25,424.25,,283.8059701492537,312.75,339.8333333333333,296.53846153846155,,83.50746268656717,67.73333333333333,88.83333333333333,89.0,,59450.9,20234.3,24224.0,148254.3,,10109.06,3821.85,3462.13,25945.26,,108.37333333333,108.37333333333,108.37333333333,108.37333333333,,0.17004048719195167,0.18887977345398654,0.1429214828269485,0.17500510946394135
2014-07-01,220.67701149425287,193.70056915467515,200.3648719165085,216.294623655914,219.80827355525528,357.0,357.0,357.0,357.0,357.0,314.0,307.2096774193548,326.5,322.0,321.2125,87.0,128.24074074074073,83.23529411764706,106.0,127.34328358208955,0.0,94489.0,12013.0,350.3,89179.4,0.12,16428.68,2064.58,56.36,18284.19,105.22666666667,105.22666666667,105.22666666667,105.22666666667,105.22666666667,inf,0.17386870429362147,0.17186214933821692,0.16089066514416214,0.2050270578182854
2014-08-01,222.37816091954025,180.97824923636415,166.86413662239084,200.6924731182796,214.24266846057048,359.0,359.0,359.0,359.0,359.0,377.0,260.15384615384613,280.0,310.0,351.6764705882353,73.0,100.83076923076923,66.82352941176471,82.2,88.9342105263158,96423.6,70207.0,4699.4,2424.2,2268.5,15562.63,12248.54,733.7,358.38,584.1,100.05,100.05,100.05,100.05,100.05,0.1613985580293621,0.17446323016223456,0.15612631399753163,0.14783433710089927,0.2574829182279039
2014-09-01,234.80096153846156,177.6917968742215,156.8436519607843,167.38166666666666,154.798968125118,320.75,320.75,320.75,320.75,320.75,384.0,263.95522388059703,251.1875,269.2,285.82666666666665,120.2,83.1159420289855,49.23529411764706,52.66666666666666,28.6027397260274,54771.1,68666.0,9461.1,5048.8,11502.8,8024.69,11282.59,1660.11,764.86,3041.34,95.85,95.85,95.85,95.85,95.85,0.1465132159113109,0.1643111583607608,0.17546691188128227,0.15149342418000317,0.26439997218068645
2014-10-01,249.3345238095238,149.85979360622463,127.00340765338396,123.58387096774192,76.06688421688013,376.75,376.75,376.75,376.75,376.75,401.0,238.5254237288136,226.125,250.6,223.7037037037037,82.0,76.53125,29.058823529411764,-10.0,-63.74025974025974,71531.8,126960.5,33653.8,5434.2,61030.0,13421.88,19672.13,4928.81,652.93,9688.41,86.08,86.08,86.08,86.08,86.08,0.18763514968168002,0.15494685354893845,0.14645626942574091,0.12015200029443156,0.15874832049811569
2014-11-01,,106.6883346852014,71.0326797385621,75.27111111111113,23.60023074073259,,375.75,375.75,375.75,375.75,,196.68253968253967,177.625,199.83333333333331,151.92,,42.92307692307692,6.5,-21.0,-59.267857142857146,,249115.1,31807.7,17551.5,8557.5,,34579.84,4559.04,1954.53,1783.09,,76.99333333333,76.99333333333,76.99333333333,76.99333333333,,0.13881069433366341,0.14333133172156426,0.11135971284505598,0.2083657610283377
2014-12-01,250.5088888888889,63.16875806188224,33.67414541498982,30.767741935483876,-9.115902094316098,397.0,397.0,397.0,397.0,397.0,380.0,134.375,122.3529411764706,127.33333333333331,93.10344827586206,80.0,-41.4,-90.21428571428572,-127.6,-156.3125,0.0,112772.9,81757.2,18134.7,48263.4,0.19,15663.36,10550.75,2074.18,8529.7,60.70333333333,60.70333333333,60.70333333333,60.70333333333,60.70333333333,inf,0.1388929432514372,0.12904979622589816,0.11437630619751084,0.17673226502898678
2015-01-01,253.5392446633826,54.859191464633085,27.749166006352915,21.636021505376345,-7.612869778133451,370.0,370.0,370.0,370.0,370.0,346.0,145.8846153846154,138.6875,129.0,79.625,138.33333333333334,-27.227272727272727,-31.41176470588235,-119.5,-208.0540540540541,32062.0,146991.3,20827.9,19286.9,167667.4,6923.61,23434.78,3587.48,2622.21,26329.64,47.10666666667,47.10666666667,47.10666666667,47.10666666667,47.10666666667,0.21594442018588983,0.15942970774460802,0.1722439612250875,0.13595808553992605,0.15703493940980776
2015-02-01,,45.85353692792533,14.271769957983194,19.37857142857143,-8.104616061060048,,384.5,384.5,384.5,384.5,,117.31746031746032,94.375,112.0,84.84375,,-15.857142857142858,-72.125,-69.2,-134.64473684210526,,99936.6,43266.2,20807.4,165100.2,,16047.06,7516.57,2970.48,28792.09,,54.79,54.79,54.79,54.79,,0.16057240290344077,0.17372845315743005,0.14276074857983218,0.17439161188175423
2015-03-01,241.16666666666663,85.55547512125634,60.46157495256168,69.76290322580644,44.43803545803128,376.25,376.25,376.25,376.25,376.25,338.0,164.6949152542373,165.1764705882353,208.8,168.24358974358975,84.0,1.984126984126984,-21.75,-36.6,-51.05263157894737,0.0,121831.4,30815.2,23911.7,227022.6,0.28,19123.13,5507.0,3715.99,41407.93,52.82666666667,52.82666666667,52.82666666667,52.82666666667,52.82666666667,inf,0.1569638861574274,0.1787105065032841,0.15540467637181796,0.18239562933381961
2015-04-01,,119.4593333523675,94.08033963585434,114.43777777777775,87.72363281599324,,362.5,362.5,362.5,362.5,,245.05,236.0625,266.0,240.2692307692308,,14.446153846153846,-27.176470588235293,-21.83333333333333,-11.23611111111111,,97541.5,9196.2,1063.6,80278.8,,19752.93,3902.73,1296.91,14640.12,,57.54333333333,57.54333333333,57.54333333333,57.54333333333,,0.20250795815114592,0.4243850720949957,1.2193587814968034,0.18236595464805155
2015-05-01,,148.1574050108899,133.38972734254992,163.3935483870968,157.45399332450577,,351.5,351.5,351.5,351.5,,255.66101694915253,257.6875,286.0,276.2,,61.09230769230769,33.333333333333336,59.833333333333336,55.91935483870968,,167501.2,39804.5,7252.7,186456.7,,26869.63,7014.25,969.28,31949.59,,62.50666666667,62.50666666667,62.50666666667,62.50666666667,,0.16041455225395398,0.17621751309525305,0.13364402222620542,0.17135125742330523
2015-06-01,217.5244444444444,188.18865843745695,168.52996148459383,203.98888888888885,198.05283777080484,414.0,414.0,414.0,414.0,414.0,316.6666666666667,321.515625,310.1875,315.8,307.43283582089555,66.0,102.83050847457628,62.1875,85.16666666666667,99.4931506849315,0.0,127202.3,36508.4,31948.9,207903.9,0.11,20886.82,6343.5,3541.51,34936.63,61.30666666667,61.30666666667,61.30666666667,61.30666666667,61.30666666667,inf,0.16420159069450788,0.17375453320331757,0.1108491998159561,0.16804220603846295
2015-07-01,199.8761904761905,215.43068993585297,205.6163108791904,236.1467741935484,214.9063917751415,371.0,371.0,371.0,371.0,371.0,299.8333333333333,328.7241379310345,362.9375,364.0,341.72222222222223,75.0,108.83823529411764,73.0625,108.4,105.23728813559322,0.0,97982.4,26681.7,12127.6,83550.8,0.09,19309.34,7056.11,2559.93,13684.41,54.34,54.34,54.34,54.34,54.34,inf,0.19706947370139946,0.26445503847206137,0.2110829842672911,0.16378550534525102
2015-08-01,202.6809523809524,201.83323771362143,208.02548228969005,234.16989247311824,217.60773857954604,363.75,363.75,363.75,363.75,363.75,333.0,307.6666666666667,340.94117647058823,366.4,349.6533333333333,54.0,118.8181818181818,99.13333333333334,104.2,96.76623376623375,86154.4,93286.7,27124.6,22722.1,134369.6,15587.85,16358.41,5047.64,3067.76,25206.81,45.69,45.69,45.69,45.69,45.69,0.18092923866918,0.1753562940912263,0.18609085479601545,0.13501216876961197,0.18759310141579644
2015-09-01,208.15625,153.9507802748684,137.97187908496733,175.0266666666667,182.9537368427336,387.75,387.75,387.75,387.75,387.75,378.0,236.6515151515152,251.1764705882353,339.3333333333333,346.81944444444446,70.0,83.07575757575758,49.47058823529412,59.75,68.2,12071.9,155527.8,15261.1,34126.8,754.3,1974.3,25468.22,2854.15,4815.19,182.44,46.28,46.28,46.28,46.28,46.28,0.1635450923218383,0.16375348972981038,0.18702125010647988,0.14109702638395627,0.24186663131380087
2015-10-01,230.0196078431373,120.75898658272332,90.70200031625554,100.80053763440858,71.53929680363784,382.25,382.25,382.25,382.25,382.25,377.0,207.34782608695653,202.33333333333331,238.66666666666663,234.93055555555557,78.5,37.09230769230769,-2.7058823529411766,13.2,-39.267605633802816,57190.0,82365.3,30078.9,24979.4,75255.0,9318.61,14775.65,5718.28,3488.5,12331.07,46.95666666667,46.95666666667,46.95666666667,46.95666666667,46.95666666667,0.16294124847001226,0.17939168557632887,0.1901093457540003,0.13965507578244474,0.16385715234868115
2015-11-01,219.6764705882353,107.86876740533506,82.43011437908496,68.67333333333333,48.18449342682167,365.0,365.0,365.0,365.0,365.0,322.0,206.9655172413793,181.26666666666668,190.0,128.68055555555554,84.0,-1.0196078431372548,-18.352941176470587,-23.75,-46.36842105263158,28045.4,56925.7,16863.0,100.1,229548.8,4488.43,11228.58,4391.0,92.49,37478.32,43.11333333333,43.11333333333,43.11333333333,43.11333333333,43.11333333333,0.1600415754455276,0.19724974835619064,0.2603925754610686,0.923976023976024,0.16326950957704855
2015-12-01,237.625,92.13564264164307,73.13233930048447,25.727956989247318,16.616349393268965,358.75,358.75,358.75,358.75,358.75,330.0,154.83870967741936,140.15384615384616,131.25,121.27777777777776,79.0,22.10606060606061,-3.642857142857143,-79.0,-116.59375,44009.8,44323.5,12804.4,620.5,271024.7,7840.12,6954.97,2377.37,107.33,46385.98,36.57333333333,36.57333333333,36.57333333333,36.57333333333,36.57333333333,0.17814486773400467,0.1569138267510463,0.18566820780356752,0.17297340854149879,0.17115037854483375
2016-01-01,241.6754385964913,67.43042111454493,19.9966355276602,-3.970967741935485,-50.29865505707477,372.0,372.0,372.0,372.0,372.0,363.0,143.2923076923077,124.05882352941175,137.75,61.16363636363637,75.0,-8.946428571428571,-99.76470588235294,-112.33333333333331,-210.271186440678,119656.6,61427.7,16081.5,4825.4,164812.5,19736.67,11191.96,3089.74,863.29,26919.08,29.78,29.78,29.78,29.78,29.78,0.16494426550645763,0.18219728233354007,0.19213008736747192,0.17890537572014756,0.16333154342055367
2016-02-01,245.96153846153845,69.06472589455011,39.811181541582144,59.27068965517241,25.996225630672523,353.5,353.5,353.5,353.5,353.5,345.0,153.36666666666667,122.47058823529412,171.2,141.94444444444446,70.0,-11.733333333333333,-32.625,-26.25,-61.12857142857143,0.1,40972.2,16695.8,363.3,260538.3,0.35,8852.75,3664.54,265.38,41736.26,31.03,31.03,31.03,31.03,31.03,3.4999999999999996,0.21606723583307708,0.21948873369350377,0.7304706853839802,0.16019241700740353
2016-03-01,233.125,74.8455340884764,48.00557400379507,70.18172043010752,43.8761947312524,351.5,351.5,351.5,351.5,351.5,326.0,173.37878787878788,136.4375,218.0,155.86486486486487,75.0,1.2295081967213115,-38.35294117647059,-18.666666666666668,-49.65277777777778,0.0,96628.4,20366.4,4316.1,144545.3,0.22,17884.88,3676.84,1320.52,23079.58,37.34,37.34,37.34,37.34,37.34,inf,0.18508926982129478,0.18053460601775473,0.30595213271240235,0.15967022103105397
2016-04-01,228.25,103.67693825415454,87.74080882352943,128.54,120.30448804779483,390.25,390.25,390.25,390.25,390.25,344.0,188.24242424242425,196.25,255.6,254.06,69.0,31.967741935483872,-6.0,1.2,-0.7763157894736842,64824.1,58617.9,16373.2,5040.1,102135.4,10075.66,10173.55,3316.49,818.83,16126.51,40.75,40.75,40.75,40.75,40.75,0.15543077343148612,0.1735570533915408,0.2025560061564019,0.1624630463681276,0.15789344340943492
2016-05-01,184.38888888888889,139.53651878487557,146.27236717267553,160.46935483870965,151.15183394014332,404.75,404.75,404.75,404.75,404.75,282.0,242.2142857142857,266.6,292.8,255.65753424657532,77.5,35.82539682539682,21.823529411764707,43.66666666666666,56.08955223880597,59200.3,55208.9,29750.7,3901.7,78185.3,9533.77,9798.42,5951.75,731.74,12506.94,45.93666666667,45.93666666667,45.93666666667,45.93666666667,45.93666666667,0.16104259606792534,0.17747899342316184,0.20005411637373238,0.1875438911243817,0.15996536433319306
2016-06-01,171.39583333333334,174.183366446608,177.88946895424834,208.9427777777778,202.6052728953417,358.75,358.75,358.75,358.75,358.75,282.5,291.2857142857143,321.7647058823529,340.8,312.46153846153845,20.0,113.41818181818182,84.41176470588235,99.33333333333331,59.22077922077922,20671.0,55085.7,13500.1,5039.4,148204.7,3268.15,10391.16,2763.22,1112.19,24265.04,47.68666666667,47.68666666667,47.68666666667,47.68666666667,47.68666666667,0.15810313966426395,0.18863625223969196,0.20468144680409772,0.22069889272532447,0.16372652149358286
2016-07-01,188.675,202.63699953812863,196.19211055389897,223.0924731182796,221.22090663920252,334.5,334.5,334.5,334.5,334.5,304.0,327.3692307692308,317.3529411764706,337.6666666666667,331.0357142857143,45.0,103.6031746031746,90.58823529411764,123.2,110.65,63385.3,84468.4,8049.8,4390.1,78580.8,10209.61,16303.77,1916.65,935.99,13416.95,44.12666666667,44.12666666667,44.12666666667,44.12666666667,44.12666666667,0.16107220443856857,0.1930162048766166,0.2380990832070362,0.21320471059884738,0.1707408170952701
2016-08-01,200.82608695652172,205.32930648888603,187.3882906388362,204.56344086021508,216.12354389025973,301.5,301.5,301.5,301.5,301.5,323.0,321.03225806451616,327.2352941176471,318.0,333.0833333333333,64.0,108.05882352941175,62.76470588235294,90.2,107.86363636363636,177547.7,98344.8,12344.3,5420.7,4468.4,28658.5,18123.39,2764.56,1004.51,1104.63,44.87666666667,44.87666666667,44.87666666667,44.87666666667,44.87666666667,0.16141296113664103,0.18428417160846328,0.2239543757037661,0.18531001531167562,0.24720929191656973
2016-09-01,202.13333333333333,186.1044715782693,178.56531045751635,182.29777777777772,159.57293257104504,336.75,336.75,336.75,336.75,336.75,336.5,299.96363636363634,311.94117647058823,306.2,292.4761904761905,60.0,100.71428571428572,65.76470588235294,49.6,42.94736842105263,104506.1,73143.4,6101.1,5270.3,0.0,16796.15,21821.99,1560.65,957.01,0.14,45.04333333333,45.04333333333,45.04333333333,45.04333333333,45.04333333333,0.16071932643166284,0.29834530524968766,0.2557981347625838,0.1815854884921162,inf
2016-10-01,205.02941176470588,119.4665801853382,91.18649588867804,96.51344086021506,69.49789312228476,354.75,354.75,354.75,354.75,354.75,370.0,203.33846153846156,179.875,242.6,238.8695652173913,80.0,42.6140350877193,17.1875,5.0,-17.772727272727273,0.0,71641.0,23646.0,5606.2,61308.4,0.11,13793.26,4678.37,808.87,11112.9,49.29333333333,49.29333333333,49.29333333333,49.29333333333,49.29333333333,inf,0.19253304671905752,0.19785037638501227,0.14428133138311156,0.18126227401139158
2016-11-01,,85.00547901783972,45.25424019607844,51.29444444444445,19.09532487621884,,336.75,336.75,336.75,336.75,,171.73684210526315,133.3125,157.0,164.92307692307693,,-6.540983606557377,-71.82352941176471,-43.5,-101.5,,108400.5,27051.6,7902.0,32568.4,,18656.09,5342.91,1013.03,5268.11,,45.26,45.26,45.26,45.26,,0.1721033574568383,0.19750809563944463,0.12819919007846114,0.1617552596995861
2016-12-01,246.13333333333333,56.828423070934726,26.26525741810371,-7.606989247311828,-18.760417767461306,352.0,352.0,352.0,352.0,352.0,371.0,130.11111111111111,107.35714285714286,104.8,66.0,92.0,-19.765625,-70.625,-76.33333333333333,-125.375,71487.6,34836.8,25662.6,15903.9,152077.9,10758.39,6762.13,5393.72,2334.4,27774.63,52.62,52.62,52.62,52.62,52.62,0.15049309250835108,0.19410881596472696,0.21017823603220254,0.14678160702720716,0.1826342289050546
2017-01-01,264.83333333333337,31.186085320268315,-14.874827188940095,-50.41989247311828,-53.94423615857826,359.75,359.75,359.75,359.75,359.75,359.0,125.26415094339625,57.125,43.66666666666666,34.9375,84.0,-46.98360655737705,-126.4375,-150.4,-170.1818181818182,54700.0,51547.0,17463.5,4631.0,305827.1,8859.19,9069.88,3553.68,721.59,53968.35,53.59,53.59,53.59,53.59,53.59,0.16195959780621574,0.17595359574757016,0.20349185443925902,0.15581731807385016,0.17646686640915735
2017-02-01,256.5,77.03522476058545,38.68093487394958,29.610119047619044,-22.837862091322155,366.75,366.75,366.75,366.75,366.75,360.0,153.66101694915255,134.88235294117646,177.8,113.73076923076924,88.0,5.2,-45.8235294117647,-60.66666666666666,-154.88235294117646,18910.3,37133.6,21759.7,7136.5,137402.9,2749.97,6906.27,4294.15,975.91,24402.81,54.35333333333,54.35333333333,54.35333333333,54.35333333333,54.35333333333,0.14542180716329195,0.18598439149449558,0.19734417294356077,0.13674910670496743,0.1776003999915577
2017-03-01,,102.8901702233843,83.07204301075268,91.87741935483872,60.288076464972136,,364.25,364.25,364.25,364.25,,221.52238805970148,229.0,231.5,175.42307692307693,,39.03076923076923,-4.764705882352941,-10.4,-14.88888888888889,,65832.6,14506.4,8943.1,342802.6,,12709.01,3071.56,1286.14,60028.04,,50.90333333333,50.90333333333,50.90333333333,50.90333333333,,0.19305040359943249,0.2117382672475597,0.1438136664020306,0.1751096403586204
2017-04-01,211.44444444444449,109.45026433159336,83.47152777777778,109.47611111111112,95.28780350475223,358.0,358.0,358.0,358.0,358.0,304.0,231.96774193548387,208.9375,244.2,233.5862068965517,66.0,6.803030303030303,-31.823529411764707,4.6,-3.526315789473684,0.1,43037.3,14015.6,9249.6,225561.9,0.22,8456.81,3014.01,1358.74,39497.78,52.16333333333,52.16333333333,52.16333333333,52.16333333333,52.16333333333,2.1999999999999997,0.19649954806644465,0.21504680498872686,0.14689716312056736,0.17510838488237596
2017-05-01,,155.30389597093227,152.6501660341556,169.458064516129,149.85554746065446,,372.0,372.0,372.0,372.0,,278.64912280701753,308.5882352941176,300.8,275.7407407407408,,55.83870967741935,10.941176470588236,31.166666666666668,3.333333333333333,,53905.3,17202.4,4182.9,331201.4,,10356.69,3773.17,703.34,65546.42,,49.89333333333,49.89333333333,49.89333333333,49.89333333333,,0.19212749024678463,0.21933974329163372,0.16814650123120325,0.1979050209328825
2017-06-01,181.0,199.73871203503683,189.3180392156863,218.1466666666667,200.42553131173287,370.5,370.5,370.5,370.5,370.5,293.0,318.30645161290323,327.4117647058824,330.8,316.8333333333333,76.0,104.55737704918032,91.3529411764706,105.83333333333331,73.76,39.5,41114.0,21877.4,3379.8,497382.2,13.08,8700.13,4314.83,502.98,84409.71,46.16666666667,46.16666666667,46.16666666667,46.16666666667,46.16666666667,0.3311392405063291,0.2116099138979423,0.19722773272875202,0.1488194567725901,0.169707942905878
2017-07-01,188.75,204.509157424602,190.0653146742568,223.05,208.45664603253337,370.75,370.75,370.75,370.75,370.75,313.0,307.9032258064516,311.7058823529412,332.4,317.5,98.0,131.70491803278688,91.82352941176472,106.75,100.23809523809524,10893.3,41768.6,13892.7,37309.5,234335.1,1773.27,8320.28,2822.68,5435.35,39567.22,47.65666666667,47.65666666667,47.65666666667,47.65666666667,47.65666666667,0.1627853818402137,0.1991993985912863,0.203177208174077,0.14568273496026482,0.16884888350059382
2017-08-01,201.3,202.07935219339143,185.62146584440228,231.62150537634412,226.6811485516927,342.25,342.25,342.25,342.25,342.25,338.0,308.1774193548387,284.6470588235294,379.6666666666667,347.77777777777777,106.0,111.83870967741936,86.47058823529412,95.0,84.17391304347827,105224.4,42520.5,13958.5,38689.5,72567.9,15772.89,8810.04,2814.89,5697.06,12672.92,49.94333333333,49.94333333333,49.94333333333,49.94333333333,49.94333333333,0.14989764731374092,0.20719511764913398,0.20166135329727405,0.14725080448183617,0.17463534152152674
2017-09-01,231.55555555555557,153.4064205329493,134.5091503267974,156.56833333333333,168.3160775384459,355.25,355.25,355.25,355.25,355.25,364.0,244.2,229.8823529411765,308.8,292.0833333333333,167.0,69.6029411764706,54.53333333333333,52.2,18.73913043478261,53415.1,38629.4,8566.0,22738.9,37277.2,8319.27,7800.84,2102.84,3382.79,8105.39,52.95,52.95,52.95,52.95,52.95,0.15574753206490302,0.20194049092142255,0.2454868083119309,0.14876665098135794,0.21743559065595058
2017-10-01,206.3,141.17514630519577,117.83156230234027,113.68118279569892,91.66770694453632,345.75,345.75,345.75,345.75,345.75,352.0,240.2542372881356,229.58823529411765,233.2,204.55555555555557,134.0,31.20634920634921,20.1875,11.0,-1.809523809523809,125844.1,135904.8,16942.8,15054.0,0.0,17001.44,24592.62,4142.76,2287.41,0.12,54.92,54.92,54.92,54.92,54.92,0.13509922197385493,0.18095475656488955,0.24451448402861395,0.1519469908330012,inf
2017-11-01,223.25,80.13064806757416,57.056699346405225,57.37055555555556,39.27747247095023,341.75,341.75,341.75,341.75,341.75,340.0,174.65079365079364,144.35294117647058,149.5,116.11111111111111,130.0,6.186440677966102,-14.823529411764708,-44.75,-35.4375,129144.1,60995.8,30929.1,1198.6,163748.0,18219.88,10938.97,5587.06,288.91,25548.76,59.93333333333,59.93333333333,59.93333333333,59.93333333333,59.93333333333,0.14108178383681486,0.17933972503024798,0.1806408851211319,0.24103954613716005,0.15602486747929745
2017-12-01,253.07692307692307,57.57308764310322,33.54477161832475,28.931720430107525,29.697067892658627,350.75,350.75,350.75,350.75,350.75,358.0,144.6346153846154,131.0,137.33333333333334,109.70588235294116,174.0,-13.385964912280702,-30.5625,-49.5,-30.545454545454547,145593.6,66995.5,24505.8,1175.3,234059.9,20141.11,11051.95,4764.53,258.46,35246.84,61.18666666667,61.18666666667,61.18666666667,61.18666666667,61.18666666667,0.1383378802364939,0.1649655573881828,0.1944245852002383,0.2199098102612099,0.1505889731645617
2018-01-01,241.57142857142856,80.49414644113726,45.14953917050692,31.49032258064516,-20.785741773397703,361.5,361.5,361.5,361.5,361.5,350.0,142.5806451612903,123.17647058823528,122.0,79.88235294117646,190.0,14.016666666666667,-20.705882352941178,-64.33333333333333,-159.23529411764707,114525.8,45809.7,15806.7,1809.8,400962.9,15300.03,8538.45,3092.91,285.0,65791.52,66.22666666667,66.22666666667,66.22666666667,66.22666666667,66.22666666667,0.13359461361544736,0.18638956378234306,0.19567082313196302,0.15747596419493867,0.1640838092501825
2018-02-01,251.30555555555557,32.997474330846195,-11.03576680672269,-1.0255952380952376,-29.58605214819336,374.5,374.5,374.5,374.5,374.5,350.0,125.78571428571428,66.47058823529412,134.0,65.65,168.0,-69.86206896551724,-127.0,-113.75,-174.375,58031.6,43248.2,6610.7,1160.5,165000.3,8337.1,7533.48,2227.93,229.77,25605.58,63.46,63.46,63.46,63.46,63.46,0.14366483088524185,0.17419175826970834,0.33701877259594293,0.19799224472210256,0.15518505117869485
2018-03-01,249.1875,74.94798113470928,34.19046489563567,37.57849462365591,-7.300963849053994,387.75,387.75,387.75,387.75,387.75,352.0,161.03389830508473,155.5625,178.66666666666666,129.875,147.0,-13.634615384615383,-99.23529411764706,-160.6,-163.25,15457.5,63690.0,11541.8,92.4,402881.6,2131.94,10985.61,3326.08,48.21,61682.4,64.16666666667,64.16666666667,64.16666666667,64.16666666667,64.16666666667,0.13792269125020218,0.17248563353744703,0.28817688748722037,0.5217532467532467,0.15310304565907207
2018-04-01,238.57142857142856,130.1135582220475,132.3825,158.13944444444445,131.94196682171864,392.5,392.5,392.5,392.5,392.5,325.0,259.6290322580645,271.3529411764706,284.5,259.7241379310345,165.0,39.72222222222222,-11.411764705882351,32.666666666666664,0.4117647058823529,0.0,64618.8,12534.4,282.3,148567.1,0.1,12590.67,3408.51,123.19,24038.18,68.79333333333,68.79333333333,68.79333333333,68.79333333333,68.79333333333,inf,0.1948453081765678,0.2719324419198366,0.4363797378675168,0.16180015629301506
2018-05-01,,152.6304380160752,170.5746679316888,194.4661290322581,183.0689568472081,,394.0,394.0,394.0,394.0,,253.0967741935484,295.47058823529414,299.8,295.40909090909093,,48.71428571428572,29.41176470588235,99.6,63.629629629629626,,68862.6,23870.3,214.8,257554.3,,12820.34,4674.13,291.81,43054.98,,73.43,73.43,73.43,73.43,,0.18617275560318663,0.19581362613792036,1.3585195530726257,0.1671685543592167
2018-06-01,154.6,190.8910736391825,186.7696078431373,208.26388888888889,206.4096597768005,350.25,350.25,350.25,350.25,350.25,282.0,301.94117647058823,287.75,318.6666666666667,316.1428571428572,39.0,110.01538461538462,79.625,100.0,72.5,22.7,89716.6,26474.5,2205.0,219897.9,10.47,16186.25,5395.52,401.45,39926.53,71.97666666667,71.97666666667,71.97666666667,71.97666666667,71.97666666667,0.4612334801762115,0.18041533005040314,0.2038006383501105,0.18206349206349207,0.18156849155903718
2018-07-01,188.27666666666667,222.0040438905555,213.9822896900696,221.97580645161293,215.87045624730052,372.25,372.25,372.25,372.25,372.25,310.0,313.4193548387097,343.1764705882353,324.25,310.4166666666667,65.0,138.6875,103.6470588235294,87.0,109.0,0.0,121853.0,16081.3,111.6,100279.9,0.09,22852.07,3315.69,53.27,18917.17,72.66666666667,72.66666666667,72.66666666667,72.66666666667,72.66666666667,inf,0.18753801711898763,0.20618295784544782,0.4773297491039427,0.18864368632198475
2018-08-01,154.36363636363637,211.15974293024573,207.2664848197344,233.2844086021505,225.1605594480021,351.0,351.0,351.0,351.0,351.0,336.0,328.640625,352.1764705882353,335.5,319.2,65.0,95.43076923076924,64.8,100.25,125.04,79030.7,101320.6,10799.9,64.9,197941.4,13508.25,19436.81,2233.36,27.78,36213.97,71.08333333333,71.08333333333,71.08333333333,71.08333333333,71.08333333333,0.1709240839319404,0.19183473054837813,0.2067945073565496,0.4280431432973806,0.1829529850753809
2018-09-01,222.6,180.18729529282524,160.21236111111114,179.5752873563219,170.114538357076,356.25,356.25,356.25,356.25,356.25,385.0,292.2083333333333,305.3529411764706,300.6,310.375,72.0,72.84848484848484,20.25,25.2,27.125,135690.2,81390.8,11675.3,88.3,187192.6,22672.38,15419.57,2623.51,36.45,34353.82,75.36333333333,75.36333333333,75.36333333333,75.36333333333,75.36333333333,0.16708929605822676,0.18945101903409228,0.22470600327186457,0.41279728199320503,0.18352125030583474
2018-10-01,236.16666666666663,135.93437156894416,114.20986717267552,132.6586021505376,111.71646875205992,363.25,363.25,363.25,363.25,363.25,335.0,245.84375,256.6666666666667,241.33333333333331,232.85185185185185,130.0,29.20689655172414,13.4,29.83333333333333,23.526315789473685,144331.1,95284.1,15440.9,1824.2,114805.2,24545.83,17339.22,3437.26,315.5,20938.22,76.72666666667,76.72666666667,76.72666666667,76.72666666667,76.72666666667,0.1700661188059954,0.1819739075039802,0.22260749049602033,0.17295252713518255,0.18238041482441564
2018-11-01,247.5,91.4615750848832,58.83240196078431,69.10611111111112,12.502600879627192,366.5,366.5,366.5,366.5,366.5,353.0,174.1967213114754,157.94117647058823,198.5,136.5,75.0,12.627118644067796,-32.0,-78.5,-132.73684210526315,43355.5,68055.8,8784.4,3611.8,354403.2,7295.92,13673.8,2271.78,635.74,62699.75,62.31666666667,62.31666666667,62.31666666667,62.31666666667,62.31666666667,0.16828130225692242,0.20092042118379327,0.2586152725285734,0.17601749820034332,0.1769164330344647
2018-12-01,253.0625,76.28032267577017,45.93157133821271,12.333870967741934,-13.112310508022334,375.0,375.0,375.0,375.0,375.0,375.0,149.72413793103448,130.76470588235293,111.0,42.888888888888886,137.0,-3.5660377358490565,-31.25,-89.25,-107.21428571428572,89867.6,50266.3,7459.8,1693.3,523061.8,16233.04,10569.57,2025.02,291.97,89949.05,53.96,53.96,53.96,53.96,53.96,0.18063284209214445,0.21027149402283438,0.27145767983055846,0.17242662257131047,0.1719663909694801
2019-01-01,272.5,46.03225777141032,13.320971130387642,-2.449462365591398,-35.384180981252285,376.5,376.5,376.5,376.5,376.5,375.0,112.34375,79.625,100.8,43.5,210.0,-13.327586206896552,-84.47058823529412,-81.5,-137.88888888888889,47897.9,58755.1,9029.1,3592.6,758284.7,7684.54,12103.37,2133.74,605.4,128089.49,56.58333333333,56.58333333333,56.58333333333,56.58333333333,56.58333333333,0.16043584374262754,0.20599692622427673,0.2363181269450997,0.16851305461225852,0.16892005074083655
2019-02-01,247.875,75.32921792788989,47.92514880952381,39.13333333333333,8.466913240313863,362.0,362.0,362.0,362.0,362.0,375.0,203.78571428571428,179.47058823529412,194.5,94.70833333333331,93.0,-11.18032786885246,-47.52941176470589,-60.75,-84.42307692307692,20323.1,62182.8,11062.2,1873.2,371868.4,3247.49,12770.09,2486.11,363.08,66098.36,61.13333333333,61.13333333333,61.13333333333,61.13333333333,61.13333333333,0.1597930433841294,0.20536370185967823,0.224739201967059,0.19382874225923552,0.17774664370513868
2019-03-01,,96.36831712862194,73.77340290955091,88.81182795698925,47.57825381527469,,356.5,356.5,356.5,356.5,,184.046875,187.625,216.0,186.91666666666663,,17.19047619047619,-19.294117647058822,-32.333333333333336,-69.56,,66778.9,12960.1,169.8,396936.4,,13681.62,2892.35,131.12,68971.68,,63.78666666667,63.78666666667,63.78666666667,63.78666666667,,0.20487938555441917,0.22317343230376308,0.7722025912838634,0.17376002805487223
2019-04-01,,109.59036523223992,105.06676470588236,125.7222222222222,103.6838739808905,,353.25,353.25,353.25,353.25,,223.734375,248.4705882352941,283.0,236.15384615384616,,15.742424242424242,-2.5,21.4,-10.037037037037036,,23405.6,31606.8,125.0,328120.9,,4403.32,6824.73,79.02,58287.14,,68.57666666667,68.57666666667,68.57666666667,68.57666666667,,0.1881310455617459,0.21592600326512015,0.6321599999999999,0.1776392177395588
2019-05-01,201.46153846153845,132.71326795754354,117.9416192283365,137.94731182795698,166.96859583830334,427.0,427.0,427.0,427.0,427.0,304.0,242.0793650793651,233.58823529411765,261.8333333333333,269.7826086956522,105.0,22.772727272727277,-7.125,21.0,52.526315789473685,0.2,104197.0,12450.9,103.1,510510.2,0.34,20252.18,2720.49,81.65,89590.24,66.83333333333,66.83333333333,66.83333333333,66.83333333333,66.83333333333,1.7,0.19436432910736393,0.21849745801508325,0.791949563530553,0.17549157685781794
2019-06-01,,191.79152387084284,207.04602941176464,229.2011111111111,227.96412197732485,,420.25,420.25,420.25,420.25,,336.43283582089555,351.0,336.0,318.6296296296296,,93.11290322580643,85.8,133.66666666666666,111.1904761904762,,67394.5,21774.3,1101.2,299564.1,,12735.65,4370.93,263.84,46410.24,,59.76,59.76,59.76,59.76,,0.18897165198940566,0.20073802602150242,0.23959317108608788,0.15492590734336992
2019-07-01,146.69230769230768,219.0279037296662,199.805811195446,219.82688172043007,203.441786702528,400.25,400.25,400.25,400.25,400.25,284.0,353.6190476190476,371.8235294117647,341.6,323.2,-8.0,126.6029411764706,78.58823529411765,98.5,109.0,1.0,71124.9,18043.1,5883.6,463487.8,0.52,13603.78,3742.62,909.79,77054.35,61.47666666667,61.47666666667,61.47666666667,61.47666666667,61.47666666667,0.52,0.19126606856389256,0.20742666171555887,0.15463151811815892,0.16624892823500426
2019-08-01,184.0,208.269950556551,200.25849146110056,231.16344086021505,210.6740284285866,358.0,358.0,358.0,358.0,358.0,324.0,309.5625,318.4117647058824,347.5,329.0833333333333,34.0,114.44444444444444,94.29411764705884,110.33333333333331,109.28,106037.4,86141.9,19730.3,2472.1,84731.5,19003.32,22761.99,3792.38,546.76,15315.07,57.67,57.67,57.67,57.67,57.67,0.1792133718857686,0.2642383091155408,0.19221096486115266,0.22117228267464908,0.18074824592978997
2019-09-01,203.14285714285717,175.88460800612503,147.91019607843137,173.18333333333334,161.45443414757543,388.0,388.0,388.0,388.0,388.0,382.0,278.359375,248.2941176470588,325.6,311.8888888888889,126.0,75.92753623188406,27.176470588235293,38.2,29.545454545454547,127907.9,50895.3,24178.2,4264.3,70215.0,21003.57,9886.0,4487.73,858.93,13897.0,60.04,60.04,60.04,60.04,60.04,0.16420854380378383,0.1942419044587614,0.18561059135915822,0.20142344581760194,0.1979206722210354
2019-10-01,240.5,142.6923699143795,114.87146584440228,128.58333333333331,107.5066866548454,390.0,390.0,390.0,390.0,390.0,375.0,230.01724137931035,234.26666666666668,255.5,239.5,150.0,71.56666666666666,-15.125,3.8,-40.35294117647059,10617.5,119559.0,79721.6,571.5,83552.1,1863.6,28902.93,13601.3,171.53,13862.95,57.27333333333,57.27333333333,57.27333333333,57.27333333333,57.27333333333,0.17552154461973157,0.24174616716432892,0.17060997270501344,0.3001399825021872,0.16591982726945223
2019-11-01,252.55555555555557,84.39508560962591,56.8468137254902,88.87000000000002,55.93629587682597,371.25,371.25,371.25,371.25,371.25,360.0,169.0,163.4375,210.0,187.375,179.0,10.81967213114754,-16.625,-1.0,-79.42857142857143,0.4,74941.3,15720.0,4769.0,368027.7,0.34,13087.74,3143.31,966.86,61337.14,60.40333333333,60.40333333333,60.40333333333,60.40333333333,60.40333333333,0.85,0.17463988481651638,0.199956106870229,0.20273851960578737,0.1666644657453773
2019-12-01,255.96833333333333,78.48566790728759,43.40706718171139,35.596774193548384,26.23513679687655,387.75,387.75,387.75,387.75,387.75,380.0,148.89285714285714,127.76470588235294,163.0,110.8695652173913,153.33333333333334,0.2580645161290322,-42.64705882352941,-66.25,-48.26086956521739,14953.2,25835.6,8959.4,3085.0,383408.9,2494.27,9632.82,2204.35,500.44,64541.89,63.35333333333,63.35333333333,63.35333333333,63.35333333333,63.35333333333,0.1668050985742182,0.37285064020189196,0.24603768109471616,0.16221717990275528,0.16833696348728472
2020-01-01,,68.94488237795902,40.83588257883799,-5.255913978494624,5.839413529727372,,381.25,381.25,381.25,381.25,,142.8793103448276,130.5625,113.6,63.526315789473685,,3.2033898305084745,-41.52941176470589,-66.33333333333333,-68.81818181818181,,35770.2,14191.9,86.6,372358.9,,6838.77,2868.83,69.0,62902.64,,61.62666666667,61.62666666667,61.62666666667,61.62666666667,,0.1911862388244964,0.20214559009012184,0.7967667436489608,0.16893013702640114
2020-02-01,,87.40308733575583,59.863514198782966,57.82068965517242,23.33950074847761,,366.5,366.5,366.5,366.5,,167.11764705882354,165.53333333333333,161.5,114.08,,4.619047619047619,-18.88235294117647,-50.4,-100.77272727272728,,42283.4,7111.3,1374.6,466785.6,,8120.91,1641.12,298.75,80192.05,,53.34666666667,53.34666666667,53.34666666667,53.34666666667,,0.19205905863766867,0.2307763700026718,0.21733595227702607,0.17179632362266534
2020-03-01,,86.81702586098666,61.46790796963947,74.20806451612904,62.249950867954645,,340.75,340.75,340.75,340.75,,186.98461538461535,165.52941176470588,208.5,183.38888888888889,,7.584615384615384,-52.1875,-36.6,-51.73076923076923,,54933.9,8885.1,3581.8,299042.9,,10397.39,1991.12,743.51,53514.17,,32.20333333333,32.20333333333,32.20333333333,32.20333333333,,0.1892709237829464,0.22409652114213682,0.20757998771567368,0.17895148154328358
2020-04-01,,130.4069551550782,112.04904411764709,129.1222222222222,93.59675463321456,,311.5,311.5,311.5,311.5,,231.6833333333333,228.7333333333333,258.0,223.375,,19.967741935483872,-46.76470588235294,-26.0,-59.91666666666666,,85933.8,10798.9,2714.4,442140.2,,16797.79,2168.62,490.09,79441.2,,21.04333333333,21.04333333333,21.04333333333,21.04333333333,,0.19547360875464603,0.2008186018946374,0.18055187150014734,0.1796742300292984
2020-05-01,,157.12848025920405,128.5031964398663,150.82795698924733,132.03885684109343,,325.75,325.75,325.75,325.75,,269.63492063492066,244.8235294117647,265.0,262.2068965517241,,64.1639344262295,0.4705882352941176,37.0,13.761904761904765,,88686.1,11251.1,25429.2,285955.7,,16892.73,2330.15,4021.7,58631.38,,30.38,30.38,30.38,30.38,,0.19047776370817973,0.20710419425656157,0.15815283217718212,0.20503658433806354
2020-06-01,,171.83913080964854,178.26222222222222,201.175,211.71613299103032,,338.5,338.5,338.5,338.5,,301.3,291.93333333333334,333.0,319.3448275862069,,98.43396226415096,78.23529411764706,97.0,73.26923076923077,,86646.0,12419.0,11489.6,343952.0,,16261.04,2617.34,1748.1,61339.48,,39.45666666667,39.45666666667,39.45666666667,39.45666666667,,0.18767213720194817,0.21075287865367584,0.1521462888177134,0.17833732613853095
2020-07-01,,205.67638831722263,186.03222643896265,223.497311827957,218.8773936828428,,316.0,316.0,316.0,316.0,,338.0740740740741,311.05882352941177,340.0,348.53846153846155,,111.43548387096774,78.75,108.0,108.25,,122527.8,17128.9,34071.8,66360.0,,22961.57,3614.08,5545.13,12011.26,,42.06666666667,42.06666666667,42.06666666667,42.06666666667,,0.18739885968735256,0.21099311689600614,0.16274837255442917,0.18100150693188669
2020-08-01,235.1952380952381,211.7943185760857,210.103320683112,233.42473118279568,214.20302225763243,348.5,348.5,348.5,348.5,348.5,371.0,337.57142857142856,343.06666666666666,340.0,330.36,63.0,111.96491228070175,102.3529411764706,129.33333333333334,104.28,228669.6,152452.8,8448.6,1657.9,10814.9,32252.24,28830.42,1864.97,374.97,1861.76,43.44333333333,43.44333333333,43.44333333333,43.44333333333,43.44333333333,0.14104297204350733,0.18911046566543874,0.22074308169400847,0.22617166294710175,0.17214768513809653
2020-09-01,258.3981481481481,176.89853291664025,155.8827532679738,191.41111111111115,181.4314297688356,379.0,379.0,379.0,379.0,379.0,382.0,317.4193548387097,305.1764705882353,311.0,315.12,148.66666666666666,76.56896551724138,59.70588235294117,90.0,53.91304347826087,138973.1,89692.0,10235.2,80.9,8443.0,19894.85,16758.16,2328.21,91.7,1453.77,40.59666666667,40.59666666667,40.59666666667,40.59666666667,40.59666666667,0.14315612158036337,0.18684118984970788,0.22747088478974517,1.1334981458590851,0.17218642662560701
2020-10-01,255.93563218390807,120.30733745264924,108.57070683111957,125.34408602150538,130.49884856770902,398.5,398.5,398.5,398.5,398.5,382.0,200.65384615384616,193.23529411764707,278.0,229.16666666666663,160.75,50.05,32.76470588235294,34.0,21.181818181818183,33934.7,86755.4,25093.0,46.0,174364.9,5216.53,23255.46,4696.53,37.54,30437.46,39.9,39.9,39.9,39.9,39.9,0.15372259074045153,0.2680577808413079,0.18716494639939424,0.8160869565217391,0.17456185275820993
2020-11-01,252.50277777777777,99.18350249794862,67.22601073762839,60.38666666666666,41.69201405332707,419.75,419.75,419.75,419.75,419.75,357.5,196.2,204.1764705882353,188.0,123.6153846153846,135.0,12.666666666666666,-44.3125,-37.0,-21.3125,0.2,63161.1,36412.4,1213.2,279798.5,0.11,15306.66,7773.31,353.29,49259.92,42.30333333333,42.30333333333,42.30333333333,42.30333333333,42.30333333333,0.5499999999999999,0.24234315108508245,0.2134797486570509,0.29120507748104185,0.17605498242485215
2020-12-01,255.68333333333337,66.58233209706204,38.25159517901454,34.74193548387097,4.686345862128595,484.0,484.0,484.0,484.0,484.0,353.0,147.33928571428572,134.6875,145.0,95.0,189.0,5.326923076923077,-24.615384615384617,-44.0,-88.33333333333333,0.3,41751.2,27968.4,218.0,277430.2,0.13,13070.2,6547.4,108.47,50927.92,48.72666666667,48.72666666667,48.72666666667,48.72666666667,48.72666666667,0.43333333333333335,0.31304968479947887,0.23409991275868478,0.4975688073394495,0.18357020973203347
2021-01-01,,45.16793767376912,13.112306510693609,32.22222222222222,-11.923546403106975,,547.0,547.0,547.0,547.0,,150.2,109.75,134.0,110.0,,-37.60526315789474,-49.142857142857146,-63.0,-195.83333333333331,,45663.1,30274.8,200.2,338689.7,,11522.94,6598.07,90.67,65333.95,,53.60333333333,53.60333333333,53.60333333333,53.60333333333,,0.25234686212718804,0.21793934229127854,0.45289710289710294,0.19290208707262133
2021-02-01,,77.93903624996396,32.10934065934066,28.666666666666668,-21.705149578969458,,555.5,555.5,555.5,555.5,,176.54054054054055,188.875,133.0,113.3846153846154,,-53.27272727272727,-138.28571428571428,-74.0,-150.8,,34573.0,35881.1,333.0,153496.7,,13137.67,8140.09,178.75,30477.64,,60.46333333333,60.46333333333,60.46333333333,60.46333333333,,0.37999797529864343,0.22686288881890468,0.5367867867867868,0.19855566927497462
2021-03-01,249.05172413793107,83.56893054103176,56.46472734254993,51.370000000000005,22.10452139258591,564.25,564.25,564.25,564.25,564.25,344.5,227.55102040816325,239.5,190.0,138.33333333333334,155.5,-0.6857142857142857,-49.73333333333333,-53.0,-72.28,0.2,52861.5,33454.4,331.5,209505.9,0.13,18627.54,7416.06,198.24,47103.62,63.83,63.83,63.83,63.83,63.83,0.65,0.35238387105927754,0.22167667033334928,0.5980090497737557,0.22483194984007612
2021-04-01,,97.46187002682876,66.58192577030813,87.5,77.52639884411434,,740.0,740.0,740.0,740.0,,229.5813953488372,194.75,253.0,208.3703703703704,,-3.235294117647059,-27.1875,-36.0,-11.157894736842104,,63913.3,44406.7,2155.3,210167.5,,20664.46,10243.5,509.3,47663.4,,62.95,62.95,62.95,62.95,,0.3233201853135419,0.23067465044689203,0.23630121096831067,0.2267876812542377
2021-05-01,225.2904761904762,130.89388541481395,112.9431925996205,140.5909090909091,147.18029235793867,656.75,656.75,656.75,656.75,656.75,326.0,246.40425531914892,270.4375,229.0,252.63636363636363,110.0,30.056603773584907,2.6875,67.0,27.75,1.1,46479.7,55277.8,4141.2,248326.9,0.67,16998.83,12859.61,791.62,59078.65,66.4,66.4,66.4,66.4,66.4,0.6090909090909091,0.365725897542368,0.232636067281983,0.1911571525161789,0.23790676724913815
2021-06-01,213.6736394557824,189.59334205871173,194.7039215686274,198.66666666666663,201.3864645124158,720.0,720.0,720.0,720.0,720.0,340.0,293.8636363636364,330.1764705882353,301.3333333333333,322.75,77.5,112.1132075471698,69.41176470588235,79.0,77.73333333333333,0.2,53455.2,57198.8,2052.3,154401.6,0.06,16485.48,14098.31,431.43,37274.52,71.80333333333,71.80333333333,71.80333333333,71.80333333333,71.80333333333,0.3,0.3083980604319131,0.2464791219396211,0.21021780441455926,0.2414127832872198
2021-07-01,207.8735632183908,193.83054599840872,187.82495256166985,242.57142857142856,236.36608026187625,547.0,547.0,547.0,547.0,547.0,347.0,294.4146341463415,265.375,376.0,328.6666666666667,58.333333333333336,124.51219512195122,102.75,143.0,133.28571428571428,30000.8,44600.7,44027.6,3086.8,281111.9,7818.13,11236.21,11028.72,654.79,73368.06,73.28333333333,73.28333333333,73.28333333333,73.28333333333,73.28333333333,0.26059738406975813,0.25192900559856685,0.2504955982156647,0.21212582609822467,0.26099236638505874
2021-08-01,228.28630952380948,188.9941901537456,170.38389468690704,195.4375,211.62387243191512,534.0,534.0,534.0,534.0,534.0,356.0,301.9268292682927,276.7058823529412,317.5,331.2307692307692,87.5,123.7872340425532,86.47058823529412,88.0,116.07142857142856,270964.6,50817.0,21688.3,305.6,171315.8,58110.67,12955.89,5451.01,106.05,43398.2,68.86666666667,68.86666666667,68.86666666667,68.86666666667,68.86666666667,0.2144585307453446,0.2549518861798217,0.2513341294615069,0.34702225130890046,0.25332281085574127
2021-09-01,245.9173913043478,178.99992584773327,158.67598039215684,147.25,139.16344780418046,536.75,536.75,536.75,536.75,536.75,374.0,288.0434782608696,269.8235294117647,250.0,263.39130434782606,136.0,67.9795918367347,64.70588235294117,74.0,38.125,74021.7,56470.1,32291.3,7070.8,54033.3,11905.11,15825.58,8341.09,2093.05,14485.32,72.8,72.8,72.8,72.8,72.8,0.1608327017617807,0.2802470688027824,0.25830765562241226,0.29601318096962154,0.26808134983426885
2021-10-01,241.73690476190475,126.3060142128373,103.07377450980393,115.25,83.10241548581294,568.25,568.25,568.25,568.25,568.25,351.0,216.10526315789477,215.0625,194.0,190.6,180.0,38.66,9.25,49.0,-18.85185185185185,0.6,79569.5,47234.3,120.7,63809.4,0.47,21435.69,11121.13,82.47,16816.75,82.06333333333,82.06333333333,82.06333333333,82.06333333333,82.06333333333,0.7833333333333333,0.2693958112090688,0.23544606355974362,0.6832642916321457,0.26354659344861414
2021-11-01,244.69942528735635,76.07739911202921,53.23995098039215,57.875,50.12794399803925,567.0,567.0,567.0,567.0,567.0,356.0,144.24324324324326,129.58823529411765,129.0,166.07142857142858,60.0,3.8,-14.470588235294118,-8.5,-63.26315789473684,0.2,146264.4,89499.9,222.5,126741.1,0.38,35622.09,21619.83,144.05,29827.81,79.91666666667,79.91666666667,79.91666666667,79.91666666667,79.91666666667,1.9,0.2435458662531689,0.24156261627107967,0.6474157303370787,0.2353444147162996
2021-12-01,260.3352564102564,69.3095467678034,34.40296489563568,23.25,3.5143633160630654,593.25,593.25,593.25,593.25,593.25,381.0,165.72222222222223,139.76470588235293,68.0,130.28571428571428,82.0,-14.27777777777778,-66.23529411764706,-59.0,-137.3125,4.3,104022.7,95690.1,3833.0,271246.7,1.07,25819.62,22997.27,1199.22,72495.43,72.86666666667,72.86666666667,72.86666666667,72.86666666667,72.86666666667,0.2488372093023256,0.2482114000117282,0.24033071341758447,0.3128672058439864,0.2672675096139418
2022-01-01,255.925,49.27433568787024,34.21383617963314,55.75,-8.409433810707815,626.0,626.0,626.0,626.0,626.0,383.0,156.69565217391303,129.93333333333334,139.0,89.52631578947368,158.0,-22.953488372093023,-24.94117647058824,-53.0,-135.71428571428572,2.9,94780.0,39568.2,143.7,357728.7,1.25,24386.3,10919.13,75.36,88514.97,83.92,83.92,83.92,83.92,83.92,0.4310344827586207,0.2572937328550327,0.2759572080610187,0.5244258872651357,0.247436031830826
2022-02-01,,77.5408586451911,52.96126575630253,53.5,20.041667213181277,,697.5,697.5,697.5,697.5,,162.21428571428572,126.29411764705884,137.5,110.5,,-10.75,-36.1875,-14.0,-64.2,,71083.6,25570.4,274.9,345635.6,,18016.71,7340.1,139.38,93767.72,,93.54333333333,93.54333333333,93.54333333333,93.54333333333,,0.2534580409545943,0.28705456308857114,0.5070207348126592,0.2712906888063614
2022-03-01,251.36011904761904,92.86555466791766,59.31601043643264,62.35,21.17942941284222,748.75,748.75,748.75,748.75,748.75,352.0,201.12765957446808,183.23529411764707,227.0,178.0,114.0,-9.027027027027026,-45.5625,-74.0,-90.625,21384.2,139697.7,58222.9,260.5,165771.6,5475.43,36063.54,18030.27,123.75,45977.49,112.39666666667,112.39666666667,112.39666666667,112.39666666667,112.39666666667,0.2560502614079554,0.25815414283842897,0.309676604909752,0.4750479846449136,0.2773544443077101
2022-04-01,237.3005952380952,109.65391858102755,84.99647331154684,101.178125,88.64846974769846,818.25,818.25,818.25,818.25,818.25,324.0,212.03773584905665,213.41176470588235,209.0,206.91304347826087,81.0,-8.404761904761905,-37.75,1.0,-15.058823529411764,3.3,185566.4,136668.8,2883.2,643.8,1.47,52075.88,47985.68,974.06,231.33,103.41333333333,103.41333333333,103.41333333333,103.41333333333,103.41333333333,0.4454545454545455,0.28063205407875563,0.35110925097754575,0.3378399001109878,0.3593196644920783
2022-05-01,226.99936507936505,168.6566190044913,151.0156546489563,178.4235632183908,147.0994195425206,753.5,753.5,753.5,753.5,753.5,342.0,284.0,287.7058823529412,304.8,271.84,83.0,67.28260869565217,41.70588235294117,49.0,40.68,2.2,89771.0,59721.7,5699.5,11919.0,0.97,26949.36,66821.08,2023.74,4414.49,110.09666666667,110.09666666667,110.09666666667,110.09666666667,110.09666666667,0.44090909090909086,0.30020117855432155,1.1188743789945699,0.3550732520396526,0.3703741924658109
2022-06-01,215.58273809523808,197.34634395181564,188.73799019607844,225.28722222222223,209.4512221023269,743.75,743.75,743.75,743.75,743.75,322.0,355.02564102564105,318.5,356.8,323.35,65.0,107.72222222222224,63.23529411764706,107.25,107.6086956521739,0.4,131257.7,76903.6,1881.6,24462.7,0.16,36436.99,42230.62,759.83,9377.97,116.8,116.8,116.8,116.8,116.8,0.39999999999999997,0.27759887610403045,0.5491371015141033,0.4038212159863946,0.3833579286015035
2022-07-01,227.42407407407407,220.94888291145145,198.7234345351044,240.0732142857143,212.8615976070789,616.25,616.25,616.25,616.25,616.25,329.0,362.3829787234043,358.7058823529412,382.8333333333333,327.6923076923077,86.0,107.2,87.0625,107.33333333333331,111.33333333333331,129581.8,65650.3,38463.7,3727.6,2732.8,45581.03,23711.96,14759.27,1365.46,981.84,105.08333333333,105.08333333333,105.08333333333,105.08333333333,105.08333333333,0.3517548760705593,0.3611858590135917,0.3837194549666309,0.3663107629573989,0.35927985948477753
2022-08-01,222.12916666666663,221.8819856251073,208.80087760910817,237.433908045977,224.523306353406,673.75,673.75,673.75,673.75,673.75,349.0,333.42857142857144,351.1764705882353,355.5,313.44,85.0,141.075,98.3125,141.0,158.52380952380952,345766.2,68041.2,37337.6,267.8,6780.1,73216.75,19717.7,12726.04,116.37,2425.38,95.97333333333,95.97333333333,95.97333333333,95.97333333333,95.97333333333,0.21175218977447766,0.289790597461538,0.3408371186150155,0.4345407020164302,0.3577203876049026
2022-09-01,221.27083333333331,170.65056546674182,139.96936274509804,182.37745098039213,136.1768255268659,677.5,677.5,677.5,677.5,677.5,342.5,298.2181818181818,283.05882352941177,294.0,226.625,47.0,60.11904761904762,29.176470588235293,77.0,50.6,156162.8,41182.2,35652.0,1923.2,111606.8,46307.54,17923.79,5539.75,677.17,35002.68,88.22,88.22,88.22,88.22,88.22,0.2965337455527181,0.4352314835050095,0.15538398967799844,0.3521058652246256,0.31362497625592706
2022-10-01,242.06666666666663,159.56501520908347,130.11634250474384,145.5,113.8582683041455,691.5,691.5,691.5,691.5,691.5,358.0,232.6904761904762,227.1764705882353,215.0,220.92307692307693,67.0,75.33333333333333,32.0625,84.0,20.62962962962963,40138.7,54321.5,35007.5,2530.4,108782.9,12615.08,23990.69,11407.63,934.62,34051.55,90.32666666667,90.32666666667,90.32666666667,90.32666666667,90.32666666667,0.3142872091024373,0.44164262768885243,0.3258624580447047,0.3693566234587417,0.3130230026961959
